"Phase","Phase_Name","Requirement_ID","Roadmap_Requirement","New_Terminal_Status","Terminal_OS_Status","Combined_Status","New_Terminal_Evidence","Terminal_OS_Evidence","Runtime_Test_Evidence","Missing_Gap","Exact_Work_Required","Notes"
"1","Infrastructure Foundation","P01-R001","production API server","PARTIAL","PARTIAL","PARTIAL","Customer Supabase client and proxy; Terminal OS app/api/terminal; lib/rbac; lib/config/env.ts; lib/security/headers.ts; Dockerfile","Customer Supabase client and proxy; Terminal OS app/api/terminal; lib/rbac; lib/config/env.ts; lib/security/headers.ts; Dockerfile","Customer build PASS; Terminal OS type-check PASS; no deployment/runtime infrastructure evidence","No verified API versioning, rate limiting, idempotency, request IDs, readiness, graceful shutdown, hosting, Redis, CDN/WAF, monitoring, backups, DR, staging, or production topology","No verified API versioning, rate limiting, idempotency, request IDs, readiness, graceful shutdown, hosting, Redis, CDN/WAF, monitoring, backups, DR, staging, or production topology","Status is based on implementation plus available runtime/test evidence; source code alone is not PASS."
"1","Infrastructure Foundation","P01-R002","authentication","PARTIAL","PARTIAL","PARTIAL","Customer Supabase client and proxy; Terminal OS app/api/terminal; lib/rbac; lib/config/env.ts; lib/security/headers.ts; Dockerfile","Customer Supabase client and proxy; Terminal OS app/api/terminal; lib/rbac; lib/config/env.ts; lib/security/headers.ts; Dockerfile","Customer build PASS; Terminal OS type-check PASS; no deployment/runtime infrastructure evidence","No verified API versioning, rate limiting, idempotency, request IDs, readiness, graceful shutdown, hosting, Redis, CDN/WAF, monitoring, backups, DR, staging, or production topology","No verified API versioning, rate limiting, idempotency, request IDs, readiness, graceful shutdown, hosting, Redis, CDN/WAF, monitoring, backups, DR, staging, or production topology","Status is based on implementation plus available runtime/test evidence; source code alone is not PASS."
"1","Infrastructure Foundation","P01-R003","authorization/RBAC","PARTIAL","PARTIAL","PARTIAL","Customer Supabase client and proxy; Terminal OS app/api/terminal; lib/rbac; lib/config/env.ts; lib/security/headers.ts; Dockerfile","Customer Supabase client and proxy; Terminal OS app/api/terminal; lib/rbac; lib/config/env.ts; lib/security/headers.ts; Dockerfile","Customer build PASS; Terminal OS type-check PASS; no deployment/runtime infrastructure evidence","No verified API versioning, rate limiting, idempotency, request IDs, readiness, graceful shutdown, hosting, Redis, CDN/WAF, monitoring, backups, DR, staging, or production topology","No verified API versioning, rate limiting, idempotency, request IDs, readiness, graceful shutdown, hosting, Redis, CDN/WAF, monitoring, backups, DR, staging, or production topology","Status is based on implementation plus available runtime/test evidence; source code alone is not PASS."
"1","Infrastructure Foundation","P01-R004","account context","PARTIAL","PARTIAL","PARTIAL","Customer Supabase client and proxy; Terminal OS app/api/terminal; lib/rbac; lib/config/env.ts; lib/security/headers.ts; Dockerfile","Customer Supabase client and proxy; Terminal OS app/api/terminal; lib/rbac; lib/config/env.ts; lib/security/headers.ts; Dockerfile","Customer build PASS; Terminal OS type-check PASS; no deployment/runtime infrastructure evidence","No verified API versioning, rate limiting, idempotency, request IDs, readiness, graceful shutdown, hosting, Redis, CDN/WAF, monitoring, backups, DR, staging, or production topology","No verified API versioning, rate limiting, idempotency, request IDs, readiness, graceful shutdown, hosting, Redis, CDN/WAF, monitoring, backups, DR, staging, or production topology","Status is based on implementation plus available runtime/test evidence; source code alone is not PASS."
"1","Infrastructure Foundation","P01-R005","API versioning","PARTIAL","PARTIAL","PARTIAL","Customer Supabase client and proxy; Terminal OS app/api/terminal; lib/rbac; lib/config/env.ts; lib/security/headers.ts; Dockerfile","Customer Supabase client and proxy; Terminal OS app/api/terminal; lib/rbac; lib/config/env.ts; lib/security/headers.ts; Dockerfile","Customer build PASS; Terminal OS type-check PASS; no deployment/runtime infrastructure evidence","No verified API versioning, rate limiting, idempotency, request IDs, readiness, graceful shutdown, hosting, Redis, CDN/WAF, monitoring, backups, DR, staging, or production topology","No verified API versioning, rate limiting, idempotency, request IDs, readiness, graceful shutdown, hosting, Redis, CDN/WAF, monitoring, backups, DR, staging, or production topology","Status is based on implementation plus available runtime/test evidence; source code alone is not PASS."
"1","Infrastructure Foundation","P01-R006","request validation","PARTIAL","PARTIAL","PARTIAL","Customer Supabase client and proxy; Terminal OS app/api/terminal; lib/rbac; lib/config/env.ts; lib/security/headers.ts; Dockerfile","Customer Supabase client and proxy; Terminal OS app/api/terminal; lib/rbac; lib/config/env.ts; lib/security/headers.ts; Dockerfile","Customer build PASS; Terminal OS type-check PASS; no deployment/runtime infrastructure evidence","No verified API versioning, rate limiting, idempotency, request IDs, readiness, graceful shutdown, hosting, Redis, CDN/WAF, monitoring, backups, DR, staging, or production topology","No verified API versioning, rate limiting, idempotency, request IDs, readiness, graceful shutdown, hosting, Redis, CDN/WAF, monitoring, backups, DR, staging, or production topology","Status is based on implementation plus available runtime/test evidence; source code alone is not PASS."
"1","Infrastructure Foundation","P01-R007","rate limiting","PARTIAL","PARTIAL","PARTIAL","Customer Supabase client and proxy; Terminal OS app/api/terminal; lib/rbac; lib/config/env.ts; lib/security/headers.ts; Dockerfile","Customer Supabase client and proxy; Terminal OS app/api/terminal; lib/rbac; lib/config/env.ts; lib/security/headers.ts; Dockerfile","Customer build PASS; Terminal OS type-check PASS; no deployment/runtime infrastructure evidence","No verified API versioning, rate limiting, idempotency, request IDs, readiness, graceful shutdown, hosting, Redis, CDN/WAF, monitoring, backups, DR, staging, or production topology","No verified API versioning, rate limiting, idempotency, request IDs, readiness, graceful shutdown, hosting, Redis, CDN/WAF, monitoring, backups, DR, staging, or production topology","Status is based on implementation plus available runtime/test evidence; source code alone is not PASS."
"1","Infrastructure Foundation","P01-R008","idempotency","PARTIAL","PARTIAL","PARTIAL","Customer Supabase client and proxy; Terminal OS app/api/terminal; lib/rbac; lib/config/env.ts; lib/security/headers.ts; Dockerfile","Customer Supabase client and proxy; Terminal OS app/api/terminal; lib/rbac; lib/config/env.ts; lib/security/headers.ts; Dockerfile","Customer build PASS; Terminal OS type-check PASS; no deployment/runtime infrastructure evidence","No verified API versioning, rate limiting, idempotency, request IDs, readiness, graceful shutdown, hosting, Redis, CDN/WAF, monitoring, backups, DR, staging, or production topology","No verified API versioning, rate limiting, idempotency, request IDs, readiness, graceful shutdown, hosting, Redis, CDN/WAF, monitoring, backups, DR, staging, or production topology","Status is based on implementation plus available runtime/test evidence; source code alone is not PASS."
"1","Infrastructure Foundation","P01-R009","audit logging","PARTIAL","PARTIAL","PARTIAL","Customer Supabase client and proxy; Terminal OS app/api/terminal; lib/rbac; lib/config/env.ts; lib/security/headers.ts; Dockerfile","Customer Supabase client and proxy; Terminal OS app/api/terminal; lib/rbac; lib/config/env.ts; lib/security/headers.ts; Dockerfile","Customer build PASS; Terminal OS type-check PASS; no deployment/runtime infrastructure evidence","No verified API versioning, rate limiting, idempotency, request IDs, readiness, graceful shutdown, hosting, Redis, CDN/WAF, monitoring, backups, DR, staging, or production topology","No verified API versioning, rate limiting, idempotency, request IDs, readiness, graceful shutdown, hosting, Redis, CDN/WAF, monitoring, backups, DR, staging, or production topology","Status is based on implementation plus available runtime/test evidence; source code alone is not PASS."
"1","Infrastructure Foundation","P01-R010","structured logging","PARTIAL","PARTIAL","PARTIAL","Customer Supabase client and proxy; Terminal OS app/api/terminal; lib/rbac; lib/config/env.ts; lib/security/headers.ts; Dockerfile","Customer Supabase client and proxy; Terminal OS app/api/terminal; lib/rbac; lib/config/env.ts; lib/security/headers.ts; Dockerfile","Customer build PASS; Terminal OS type-check PASS; no deployment/runtime infrastructure evidence","No verified API versioning, rate limiting, idempotency, request IDs, readiness, graceful shutdown, hosting, Redis, CDN/WAF, monitoring, backups, DR, staging, or production topology","No verified API versioning, rate limiting, idempotency, request IDs, readiness, graceful shutdown, hosting, Redis, CDN/WAF, monitoring, backups, DR, staging, or production topology","Status is based on implementation plus available runtime/test evidence; source code alone is not PASS."
"1","Infrastructure Foundation","P01-R011","health endpoints","PARTIAL","PARTIAL","PARTIAL","Customer Supabase client and proxy; Terminal OS app/api/terminal; lib/rbac; lib/config/env.ts; lib/security/headers.ts; Dockerfile","Customer Supabase client and proxy; Terminal OS app/api/terminal; lib/rbac; lib/config/env.ts; lib/security/headers.ts; Dockerfile","Customer build PASS; Terminal OS type-check PASS; no deployment/runtime infrastructure evidence","No verified API versioning, rate limiting, idempotency, request IDs, readiness, graceful shutdown, hosting, Redis, CDN/WAF, monitoring, backups, DR, staging, or production topology","No verified API versioning, rate limiting, idempotency, request IDs, readiness, graceful shutdown, hosting, Redis, CDN/WAF, monitoring, backups, DR, staging, or production topology","Status is based on implementation plus available runtime/test evidence; source code alone is not PASS."
"1","Infrastructure Foundation","P01-R012","readiness endpoints","PARTIAL","PARTIAL","PARTIAL","Customer Supabase client and proxy; Terminal OS app/api/terminal; lib/rbac; lib/config/env.ts; lib/security/headers.ts; Dockerfile","Customer Supabase client and proxy; Terminal OS app/api/terminal; lib/rbac; lib/config/env.ts; lib/security/headers.ts; Dockerfile","Customer build PASS; Terminal OS type-check PASS; no deployment/runtime infrastructure evidence","No verified API versioning, rate limiting, idempotency, request IDs, readiness, graceful shutdown, hosting, Redis, CDN/WAF, monitoring, backups, DR, staging, or production topology","No verified API versioning, rate limiting, idempotency, request IDs, readiness, graceful shutdown, hosting, Redis, CDN/WAF, monitoring, backups, DR, staging, or production topology","Status is based on implementation plus available runtime/test evidence; source code alone is not PASS."
"1","Infrastructure Foundation","P01-R013","graceful shutdown","PARTIAL","PARTIAL","PARTIAL","Customer Supabase client and proxy; Terminal OS app/api/terminal; lib/rbac; lib/config/env.ts; lib/security/headers.ts; Dockerfile","Customer Supabase client and proxy; Terminal OS app/api/terminal; lib/rbac; lib/config/env.ts; lib/security/headers.ts; Dockerfile","Customer build PASS; Terminal OS type-check PASS; no deployment/runtime infrastructure evidence","No verified API versioning, rate limiting, idempotency, request IDs, readiness, graceful shutdown, hosting, Redis, CDN/WAF, monitoring, backups, DR, staging, or production topology","No verified API versioning, rate limiting, idempotency, request IDs, readiness, graceful shutdown, hosting, Redis, CDN/WAF, monitoring, backups, DR, staging, or production topology","Status is based on implementation plus available runtime/test evidence; source code alone is not PASS."
"1","Infrastructure Foundation","P01-R014","configuration management","PARTIAL","PARTIAL","PARTIAL","Customer Supabase client and proxy; Terminal OS app/api/terminal; lib/rbac; lib/config/env.ts; lib/security/headers.ts; Dockerfile","Customer Supabase client and proxy; Terminal OS app/api/terminal; lib/rbac; lib/config/env.ts; lib/security/headers.ts; Dockerfile","Customer build PASS; Terminal OS type-check PASS; no deployment/runtime infrastructure evidence","No verified API versioning, rate limiting, idempotency, request IDs, readiness, graceful shutdown, hosting, Redis, CDN/WAF, monitoring, backups, DR, staging, or production topology","No verified API versioning, rate limiting, idempotency, request IDs, readiness, graceful shutdown, hosting, Redis, CDN/WAF, monitoring, backups, DR, staging, or production topology","Status is based on implementation plus available runtime/test evidence; source code alone is not PASS."
"1","Infrastructure Foundation","P01-R015","secret management","PARTIAL","PARTIAL","PARTIAL","Customer Supabase client and proxy; Terminal OS app/api/terminal; lib/rbac; lib/config/env.ts; lib/security/headers.ts; Dockerfile","Customer Supabase client and proxy; Terminal OS app/api/terminal; lib/rbac; lib/config/env.ts; lib/security/headers.ts; Dockerfile","Customer build PASS; Terminal OS type-check PASS; no deployment/runtime infrastructure evidence","No verified API versioning, rate limiting, idempotency, request IDs, readiness, graceful shutdown, hosting, Redis, CDN/WAF, monitoring, backups, DR, staging, or production topology","No verified API versioning, rate limiting, idempotency, request IDs, readiness, graceful shutdown, hosting, Redis, CDN/WAF, monitoring, backups, DR, staging, or production topology","Status is based on implementation plus available runtime/test evidence; source code alone is not PASS."
"1","Infrastructure Foundation","P01-R016","error handling","PARTIAL","PARTIAL","PARTIAL","Customer Supabase client and proxy; Terminal OS app/api/terminal; lib/rbac; lib/config/env.ts; lib/security/headers.ts; Dockerfile","Customer Supabase client and proxy; Terminal OS app/api/terminal; lib/rbac; lib/config/env.ts; lib/security/headers.ts; Dockerfile","Customer build PASS; Terminal OS type-check PASS; no deployment/runtime infrastructure evidence","No verified API versioning, rate limiting, idempotency, request IDs, readiness, graceful shutdown, hosting, Redis, CDN/WAF, monitoring, backups, DR, staging, or production topology","No verified API versioning, rate limiting, idempotency, request IDs, readiness, graceful shutdown, hosting, Redis, CDN/WAF, monitoring, backups, DR, staging, or production topology","Status is based on implementation plus available runtime/test evidence; source code alone is not PASS."
"1","Infrastructure Foundation","P01-R017","correlation/request IDs","PARTIAL","PARTIAL","PARTIAL","Customer Supabase client and proxy; Terminal OS app/api/terminal; lib/rbac; lib/config/env.ts; lib/security/headers.ts; Dockerfile","Customer Supabase client and proxy; Terminal OS app/api/terminal; lib/rbac; lib/config/env.ts; lib/security/headers.ts; Dockerfile","Customer build PASS; Terminal OS type-check PASS; no deployment/runtime infrastructure evidence","No verified API versioning, rate limiting, idempotency, request IDs, readiness, graceful shutdown, hosting, Redis, CDN/WAF, monitoring, backups, DR, staging, or production topology","No verified API versioning, rate limiting, idempotency, request IDs, readiness, graceful shutdown, hosting, Redis, CDN/WAF, monitoring, backups, DR, staging, or production topology","Status is based on implementation plus available runtime/test evidence; source code alone is not PASS."
"1","Infrastructure Foundation","P01-R018","production compute","PARTIAL","PARTIAL","PARTIAL","Customer Supabase client and proxy; Terminal OS app/api/terminal; lib/rbac; lib/config/env.ts; lib/security/headers.ts; Dockerfile","Customer Supabase client and proxy; Terminal OS app/api/terminal; lib/rbac; lib/config/env.ts; lib/security/headers.ts; Dockerfile","Customer build PASS; Terminal OS type-check PASS; no deployment/runtime infrastructure evidence","No verified API versioning, rate limiting, idempotency, request IDs, readiness, graceful shutdown, hosting, Redis, CDN/WAF, monitoring, backups, DR, staging, or production topology","No verified API versioning, rate limiting, idempotency, request IDs, readiness, graceful shutdown, hosting, Redis, CDN/WAF, monitoring, backups, DR, staging, or production topology","Status is based on implementation plus available runtime/test evidence; source code alone is not PASS."
"1","Infrastructure Foundation","P01-R019","PostgreSQL","PARTIAL","PARTIAL","PARTIAL","Customer Supabase client and proxy; Terminal OS app/api/terminal; lib/rbac; lib/config/env.ts; lib/security/headers.ts; Dockerfile","Customer Supabase client and proxy; Terminal OS app/api/terminal; lib/rbac; lib/config/env.ts; lib/security/headers.ts; Dockerfile","Customer build PASS; Terminal OS type-check PASS; no deployment/runtime infrastructure evidence","No verified API versioning, rate limiting, idempotency, request IDs, readiness, graceful shutdown, hosting, Redis, CDN/WAF, monitoring, backups, DR, staging, or production topology","No verified API versioning, rate limiting, idempotency, request IDs, readiness, graceful shutdown, hosting, Redis, CDN/WAF, monitoring, backups, DR, staging, or production topology","Status is based on implementation plus available runtime/test evidence; source code alone is not PASS."
"1","Infrastructure Foundation","P01-R020","Redis/cache","PARTIAL","PARTIAL","PARTIAL","Customer Supabase client and proxy; Terminal OS app/api/terminal; lib/rbac; lib/config/env.ts; lib/security/headers.ts; Dockerfile","Customer Supabase client and proxy; Terminal OS app/api/terminal; lib/rbac; lib/config/env.ts; lib/security/headers.ts; Dockerfile","Customer build PASS; Terminal OS type-check PASS; no deployment/runtime infrastructure evidence","No verified API versioning, rate limiting, idempotency, request IDs, readiness, graceful shutdown, hosting, Redis, CDN/WAF, monitoring, backups, DR, staging, or production topology","No verified API versioning, rate limiting, idempotency, request IDs, readiness, graceful shutdown, hosting, Redis, CDN/WAF, monitoring, backups, DR, staging, or production topology","Status is based on implementation plus available runtime/test evidence; source code alone is not PASS."
"1","Infrastructure Foundation","P01-R021","object storage","PARTIAL","PARTIAL","PARTIAL","Customer Supabase client and proxy; Terminal OS app/api/terminal; lib/rbac; lib/config/env.ts; lib/security/headers.ts; Dockerfile","Customer Supabase client and proxy; Terminal OS app/api/terminal; lib/rbac; lib/config/env.ts; lib/security/headers.ts; Dockerfile","Customer build PASS; Terminal OS type-check PASS; no deployment/runtime infrastructure evidence","No verified API versioning, rate limiting, idempotency, request IDs, readiness, graceful shutdown, hosting, Redis, CDN/WAF, monitoring, backups, DR, staging, or production topology","No verified API versioning, rate limiting, idempotency, request IDs, readiness, graceful shutdown, hosting, Redis, CDN/WAF, monitoring, backups, DR, staging, or production topology","Status is based on implementation plus available runtime/test evidence; source code alone is not PASS."
"1","Infrastructure Foundation","P01-R022","CDN","PARTIAL","PARTIAL","PARTIAL","Customer Supabase client and proxy; Terminal OS app/api/terminal; lib/rbac; lib/config/env.ts; lib/security/headers.ts; Dockerfile","Customer Supabase client and proxy; Terminal OS app/api/terminal; lib/rbac; lib/config/env.ts; lib/security/headers.ts; Dockerfile","Customer build PASS; Terminal OS type-check PASS; no deployment/runtime infrastructure evidence","No verified API versioning, rate limiting, idempotency, request IDs, readiness, graceful shutdown, hosting, Redis, CDN/WAF, monitoring, backups, DR, staging, or production topology","No verified API versioning, rate limiting, idempotency, request IDs, readiness, graceful shutdown, hosting, Redis, CDN/WAF, monitoring, backups, DR, staging, or production topology","Status is based on implementation plus available runtime/test evidence; source code alone is not PASS."
"1","Infrastructure Foundation","P01-R023","DNS","PARTIAL","PARTIAL","PARTIAL","Customer Supabase client and proxy; Terminal OS app/api/terminal; lib/rbac; lib/config/env.ts; lib/security/headers.ts; Dockerfile","Customer Supabase client and proxy; Terminal OS app/api/terminal; lib/rbac; lib/config/env.ts; lib/security/headers.ts; Dockerfile","Customer build PASS; Terminal OS type-check PASS; no deployment/runtime infrastructure evidence","No verified API versioning, rate limiting, idempotency, request IDs, readiness, graceful shutdown, hosting, Redis, CDN/WAF, monitoring, backups, DR, staging, or production topology","No verified API versioning, rate limiting, idempotency, request IDs, readiness, graceful shutdown, hosting, Redis, CDN/WAF, monitoring, backups, DR, staging, or production topology","Status is based on implementation plus available runtime/test evidence; source code alone is not PASS."
"1","Infrastructure Foundation","P01-R024","TLS","PARTIAL","PARTIAL","PARTIAL","Customer Supabase client and proxy; Terminal OS app/api/terminal; lib/rbac; lib/config/env.ts; lib/security/headers.ts; Dockerfile","Customer Supabase client and proxy; Terminal OS app/api/terminal; lib/rbac; lib/config/env.ts; lib/security/headers.ts; Dockerfile","Customer build PASS; Terminal OS type-check PASS; no deployment/runtime infrastructure evidence","No verified API versioning, rate limiting, idempotency, request IDs, readiness, graceful shutdown, hosting, Redis, CDN/WAF, monitoring, backups, DR, staging, or production topology","No verified API versioning, rate limiting, idempotency, request IDs, readiness, graceful shutdown, hosting, Redis, CDN/WAF, monitoring, backups, DR, staging, or production topology","Status is based on implementation plus available runtime/test evidence; source code alone is not PASS."
"1","Infrastructure Foundation","P01-R025","WAF","PARTIAL","PARTIAL","PARTIAL","Customer Supabase client and proxy; Terminal OS app/api/terminal; lib/rbac; lib/config/env.ts; lib/security/headers.ts; Dockerfile","Customer Supabase client and proxy; Terminal OS app/api/terminal; lib/rbac; lib/config/env.ts; lib/security/headers.ts; Dockerfile","Customer build PASS; Terminal OS type-check PASS; no deployment/runtime infrastructure evidence","No verified API versioning, rate limiting, idempotency, request IDs, readiness, graceful shutdown, hosting, Redis, CDN/WAF, monitoring, backups, DR, staging, or production topology","No verified API versioning, rate limiting, idempotency, request IDs, readiness, graceful shutdown, hosting, Redis, CDN/WAF, monitoring, backups, DR, staging, or production topology","Status is based on implementation plus available runtime/test evidence; source code alone is not PASS."
"1","Infrastructure Foundation","P01-R026","monitoring","PARTIAL","PARTIAL","PARTIAL","Customer Supabase client and proxy; Terminal OS app/api/terminal; lib/rbac; lib/config/env.ts; lib/security/headers.ts; Dockerfile","Customer Supabase client and proxy; Terminal OS app/api/terminal; lib/rbac; lib/config/env.ts; lib/security/headers.ts; Dockerfile","Customer build PASS; Terminal OS type-check PASS; no deployment/runtime infrastructure evidence","No verified API versioning, rate limiting, idempotency, request IDs, readiness, graceful shutdown, hosting, Redis, CDN/WAF, monitoring, backups, DR, staging, or production topology","No verified API versioning, rate limiting, idempotency, request IDs, readiness, graceful shutdown, hosting, Redis, CDN/WAF, monitoring, backups, DR, staging, or production topology","Status is based on implementation plus available runtime/test evidence; source code alone is not PASS."
"1","Infrastructure Foundation","P01-R027","centralized logs","PARTIAL","PARTIAL","PARTIAL","Customer Supabase client and proxy; Terminal OS app/api/terminal; lib/rbac; lib/config/env.ts; lib/security/headers.ts; Dockerfile","Customer Supabase client and proxy; Terminal OS app/api/terminal; lib/rbac; lib/config/env.ts; lib/security/headers.ts; Dockerfile","Customer build PASS; Terminal OS type-check PASS; no deployment/runtime infrastructure evidence","No verified API versioning, rate limiting, idempotency, request IDs, readiness, graceful shutdown, hosting, Redis, CDN/WAF, monitoring, backups, DR, staging, or production topology","No verified API versioning, rate limiting, idempotency, request IDs, readiness, graceful shutdown, hosting, Redis, CDN/WAF, monitoring, backups, DR, staging, or production topology","Status is based on implementation plus available runtime/test evidence; source code alone is not PASS."
"1","Infrastructure Foundation","P01-R028","backups","PARTIAL","PARTIAL","PARTIAL","Customer Supabase client and proxy; Terminal OS app/api/terminal; lib/rbac; lib/config/env.ts; lib/security/headers.ts; Dockerfile","Customer Supabase client and proxy; Terminal OS app/api/terminal; lib/rbac; lib/config/env.ts; lib/security/headers.ts; Dockerfile","Customer build PASS; Terminal OS type-check PASS; no deployment/runtime infrastructure evidence","No verified API versioning, rate limiting, idempotency, request IDs, readiness, graceful shutdown, hosting, Redis, CDN/WAF, monitoring, backups, DR, staging, or production topology","No verified API versioning, rate limiting, idempotency, request IDs, readiness, graceful shutdown, hosting, Redis, CDN/WAF, monitoring, backups, DR, staging, or production topology","Status is based on implementation plus available runtime/test evidence; source code alone is not PASS."
"1","Infrastructure Foundation","P01-R029","disaster recovery","PARTIAL","PARTIAL","PARTIAL","Customer Supabase client and proxy; Terminal OS app/api/terminal; lib/rbac; lib/config/env.ts; lib/security/headers.ts; Dockerfile","Customer Supabase client and proxy; Terminal OS app/api/terminal; lib/rbac; lib/config/env.ts; lib/security/headers.ts; Dockerfile","Customer build PASS; Terminal OS type-check PASS; no deployment/runtime infrastructure evidence","No verified API versioning, rate limiting, idempotency, request IDs, readiness, graceful shutdown, hosting, Redis, CDN/WAF, monitoring, backups, DR, staging, or production topology","No verified API versioning, rate limiting, idempotency, request IDs, readiness, graceful shutdown, hosting, Redis, CDN/WAF, monitoring, backups, DR, staging, or production topology","Status is based on implementation plus available runtime/test evidence; source code alone is not PASS."
"1","Infrastructure Foundation","P01-R030","staging","PARTIAL","PARTIAL","PARTIAL","Customer Supabase client and proxy; Terminal OS app/api/terminal; lib/rbac; lib/config/env.ts; lib/security/headers.ts; Dockerfile","Customer Supabase client and proxy; Terminal OS app/api/terminal; lib/rbac; lib/config/env.ts; lib/security/headers.ts; Dockerfile","Customer build PASS; Terminal OS type-check PASS; no deployment/runtime infrastructure evidence","No verified API versioning, rate limiting, idempotency, request IDs, readiness, graceful shutdown, hosting, Redis, CDN/WAF, monitoring, backups, DR, staging, or production topology","No verified API versioning, rate limiting, idempotency, request IDs, readiness, graceful shutdown, hosting, Redis, CDN/WAF, monitoring, backups, DR, staging, or production topology","Status is based on implementation plus available runtime/test evidence; source code alone is not PASS."
"1","Infrastructure Foundation","P01-R031","production","PARTIAL","PARTIAL","PARTIAL","Customer Supabase client and proxy; Terminal OS app/api/terminal; lib/rbac; lib/config/env.ts; lib/security/headers.ts; Dockerfile","Customer Supabase client and proxy; Terminal OS app/api/terminal; lib/rbac; lib/config/env.ts; lib/security/headers.ts; Dockerfile","Customer build PASS; Terminal OS type-check PASS; no deployment/runtime infrastructure evidence","No verified API versioning, rate limiting, idempotency, request IDs, readiness, graceful shutdown, hosting, Redis, CDN/WAF, monitoring, backups, DR, staging, or production topology","No verified API versioning, rate limiting, idempotency, request IDs, readiness, graceful shutdown, hosting, Redis, CDN/WAF, monitoring, backups, DR, staging, or production topology","Status is based on implementation plus available runtime/test evidence; source code alone is not PASS."
"1","Infrastructure Foundation","P01-R032","secrets management","PARTIAL","PARTIAL","PARTIAL","Customer Supabase client and proxy; Terminal OS app/api/terminal; lib/rbac; lib/config/env.ts; lib/security/headers.ts; Dockerfile","Customer Supabase client and proxy; Terminal OS app/api/terminal; lib/rbac; lib/config/env.ts; lib/security/headers.ts; Dockerfile","Customer build PASS; Terminal OS type-check PASS; no deployment/runtime infrastructure evidence","No verified API versioning, rate limiting, idempotency, request IDs, readiness, graceful shutdown, hosting, Redis, CDN/WAF, monitoring, backups, DR, staging, or production topology","No verified API versioning, rate limiting, idempotency, request IDs, readiness, graceful shutdown, hosting, Redis, CDN/WAF, monitoring, backups, DR, staging, or production topology","Status is based on implementation plus available runtime/test evidence; source code alone is not PASS."
"2","Authentication","P02-R033","signup/login","PARTIAL","PARTIAL","PARTIAL","Customer src/hooks/useAuth.tsx; Terminal OS app/(auth), lib/auth/session.ts, middleware.ts","Customer src/hooks/useAuth.tsx; Terminal OS app/(auth), lib/auth/session.ts, middleware.ts","Build/type-check pass; no browser auth or cross-account runtime test","Email/mobile verification MFA device tracking suspicious login lockout and lifecycle verification absent","Email/mobile verification MFA device tracking suspicious login lockout and lifecycle verification absent","Status is based on implementation plus available runtime/test evidence; source code alone is not PASS."
"2","Authentication","P02-R034","email verification","PARTIAL","PARTIAL","PARTIAL","Customer src/hooks/useAuth.tsx; Terminal OS app/(auth), lib/auth/session.ts, middleware.ts","Customer src/hooks/useAuth.tsx; Terminal OS app/(auth), lib/auth/session.ts, middleware.ts","Build/type-check pass; no browser auth or cross-account runtime test","Email/mobile verification MFA device tracking suspicious login lockout and lifecycle verification absent","Email/mobile verification MFA device tracking suspicious login lockout and lifecycle verification absent","Status is based on implementation plus available runtime/test evidence; source code alone is not PASS."
"2","Authentication","P02-R035","mobile verification","PARTIAL","PARTIAL","PARTIAL","Customer src/hooks/useAuth.tsx; Terminal OS app/(auth), lib/auth/session.ts, middleware.ts","Customer src/hooks/useAuth.tsx; Terminal OS app/(auth), lib/auth/session.ts, middleware.ts","Build/type-check pass; no browser auth or cross-account runtime test","Email/mobile verification MFA device tracking suspicious login lockout and lifecycle verification absent","Email/mobile verification MFA device tracking suspicious login lockout and lifecycle verification absent","Status is based on implementation plus available runtime/test evidence; source code alone is not PASS."
"2","Authentication","P02-R036","MFA/2FA","PARTIAL","PARTIAL","PARTIAL","Customer src/hooks/useAuth.tsx; Terminal OS app/(auth), lib/auth/session.ts, middleware.ts","Customer src/hooks/useAuth.tsx; Terminal OS app/(auth), lib/auth/session.ts, middleware.ts","Build/type-check pass; no browser auth or cross-account runtime test","Email/mobile verification MFA device tracking suspicious login lockout and lifecycle verification absent","Email/mobile verification MFA device tracking suspicious login lockout and lifecycle verification absent","Status is based on implementation plus available runtime/test evidence; source code alone is not PASS."
"2","Authentication","P02-R037","session management","PARTIAL","PARTIAL","PARTIAL","Customer src/hooks/useAuth.tsx; Terminal OS app/(auth), lib/auth/session.ts, middleware.ts","Customer src/hooks/useAuth.tsx; Terminal OS app/(auth), lib/auth/session.ts, middleware.ts","Build/type-check pass; no browser auth or cross-account runtime test","Email/mobile verification MFA device tracking suspicious login lockout and lifecycle verification absent","Email/mobile verification MFA device tracking suspicious login lockout and lifecycle verification absent","Status is based on implementation plus available runtime/test evidence; source code alone is not PASS."
"2","Authentication","P02-R038","refresh tokens","PARTIAL","PARTIAL","PARTIAL","Customer src/hooks/useAuth.tsx; Terminal OS app/(auth), lib/auth/session.ts, middleware.ts","Customer src/hooks/useAuth.tsx; Terminal OS app/(auth), lib/auth/session.ts, middleware.ts","Build/type-check pass; no browser auth or cross-account runtime test","Email/mobile verification MFA device tracking suspicious login lockout and lifecycle verification absent","Email/mobile verification MFA device tracking suspicious login lockout and lifecycle verification absent","Status is based on implementation plus available runtime/test evidence; source code alone is not PASS."
"2","Authentication","P02-R039","logout/revocation","PARTIAL","PARTIAL","PARTIAL","Customer src/hooks/useAuth.tsx; Terminal OS app/(auth), lib/auth/session.ts, middleware.ts","Customer src/hooks/useAuth.tsx; Terminal OS app/(auth), lib/auth/session.ts, middleware.ts","Build/type-check pass; no browser auth or cross-account runtime test","Email/mobile verification MFA device tracking suspicious login lockout and lifecycle verification absent","Email/mobile verification MFA device tracking suspicious login lockout and lifecycle verification absent","Status is based on implementation plus available runtime/test evidence; source code alone is not PASS."
"2","Authentication","P02-R040","device/session tracking","PARTIAL","PARTIAL","PARTIAL","Customer src/hooks/useAuth.tsx; Terminal OS app/(auth), lib/auth/session.ts, middleware.ts","Customer src/hooks/useAuth.tsx; Terminal OS app/(auth), lib/auth/session.ts, middleware.ts","Build/type-check pass; no browser auth or cross-account runtime test","Email/mobile verification MFA device tracking suspicious login lockout and lifecycle verification absent","Email/mobile verification MFA device tracking suspicious login lockout and lifecycle verification absent","Status is based on implementation plus available runtime/test evidence; source code alone is not PASS."
"2","Authentication","P02-R041","suspicious login detection","PARTIAL","PARTIAL","PARTIAL","Customer src/hooks/useAuth.tsx; Terminal OS app/(auth), lib/auth/session.ts, middleware.ts","Customer src/hooks/useAuth.tsx; Terminal OS app/(auth), lib/auth/session.ts, middleware.ts","Build/type-check pass; no browser auth or cross-account runtime test","Email/mobile verification MFA device tracking suspicious login lockout and lifecycle verification absent","Email/mobile verification MFA device tracking suspicious login lockout and lifecycle verification absent","Status is based on implementation plus available runtime/test evidence; source code alone is not PASS."
"2","Authentication","P02-R042","password reset","PARTIAL","PARTIAL","PARTIAL","Customer src/hooks/useAuth.tsx; Terminal OS app/(auth), lib/auth/session.ts, middleware.ts","Customer src/hooks/useAuth.tsx; Terminal OS app/(auth), lib/auth/session.ts, middleware.ts","Build/type-check pass; no browser auth or cross-account runtime test","Email/mobile verification MFA device tracking suspicious login lockout and lifecycle verification absent","Email/mobile verification MFA device tracking suspicious login lockout and lifecycle verification absent","Status is based on implementation plus available runtime/test evidence; source code alone is not PASS."
"2","Authentication","P02-R043","account lockout","PARTIAL","PARTIAL","PARTIAL","Customer src/hooks/useAuth.tsx; Terminal OS app/(auth), lib/auth/session.ts, middleware.ts","Customer src/hooks/useAuth.tsx; Terminal OS app/(auth), lib/auth/session.ts, middleware.ts","Build/type-check pass; no browser auth or cross-account runtime test","Email/mobile verification MFA device tracking suspicious login lockout and lifecycle verification absent","Email/mobile verification MFA device tracking suspicious login lockout and lifecycle verification absent","Status is based on implementation plus available runtime/test evidence; source code alone is not PASS."
"2","Authentication","P02-R044","session expiry","PARTIAL","PARTIAL","PARTIAL","Customer src/hooks/useAuth.tsx; Terminal OS app/(auth), lib/auth/session.ts, middleware.ts","Customer src/hooks/useAuth.tsx; Terminal OS app/(auth), lib/auth/session.ts, middleware.ts","Build/type-check pass; no browser auth or cross-account runtime test","Email/mobile verification MFA device tracking suspicious login lockout and lifecycle verification absent","Email/mobile verification MFA device tracking suspicious login lockout and lifecycle verification absent","Status is based on implementation plus available runtime/test evidence; source code alone is not PASS."
"2","Authentication","P02-R045","multiple accounts","PARTIAL","PARTIAL","PARTIAL","Customer src/hooks/useAuth.tsx; Terminal OS app/(auth), lib/auth/session.ts, middleware.ts","Customer src/hooks/useAuth.tsx; Terminal OS app/(auth), lib/auth/session.ts, middleware.ts","Build/type-check pass; no browser auth or cross-account runtime test","Email/mobile verification MFA device tracking suspicious login lockout and lifecycle verification absent","Email/mobile verification MFA device tracking suspicious login lockout and lifecycle verification absent","Status is based on implementation plus available runtime/test evidence; source code alone is not PASS."
"2","Authentication","P02-R046","multiple challenges","PARTIAL","PARTIAL","PARTIAL","Customer src/hooks/useAuth.tsx; Terminal OS app/(auth), lib/auth/session.ts, middleware.ts","Customer src/hooks/useAuth.tsx; Terminal OS app/(auth), lib/auth/session.ts, middleware.ts","Build/type-check pass; no browser auth or cross-account runtime test","Email/mobile verification MFA device tracking suspicious login lockout and lifecycle verification absent","Email/mobile verification MFA device tracking suspicious login lockout and lifecycle verification absent","Status is based on implementation plus available runtime/test evidence; source code alone is not PASS."
"2","Authentication","P02-R047","suspension","PARTIAL","PARTIAL","PARTIAL","Customer src/hooks/useAuth.tsx; Terminal OS app/(auth), lib/auth/session.ts, middleware.ts","Customer src/hooks/useAuth.tsx; Terminal OS app/(auth), lib/auth/session.ts, middleware.ts","Build/type-check pass; no browser auth or cross-account runtime test","Email/mobile verification MFA device tracking suspicious login lockout and lifecycle verification absent","Email/mobile verification MFA device tracking suspicious login lockout and lifecycle verification absent","Status is based on implementation plus available runtime/test evidence; source code alone is not PASS."
"2","Authentication","P02-R048","breach","PARTIAL","PARTIAL","PARTIAL","Customer src/hooks/useAuth.tsx; Terminal OS app/(auth), lib/auth/session.ts, middleware.ts","Customer src/hooks/useAuth.tsx; Terminal OS app/(auth), lib/auth/session.ts, middleware.ts","Build/type-check pass; no browser auth or cross-account runtime test","Email/mobile verification MFA device tracking suspicious login lockout and lifecycle verification absent","Email/mobile verification MFA device tracking suspicious login lockout and lifecycle verification absent","Status is based on implementation plus available runtime/test evidence; source code alone is not PASS."
"2","Authentication","P02-R049","closure","PARTIAL","PARTIAL","PARTIAL","Customer src/hooks/useAuth.tsx; Terminal OS app/(auth), lib/auth/session.ts, middleware.ts","Customer src/hooks/useAuth.tsx; Terminal OS app/(auth), lib/auth/session.ts, middleware.ts","Build/type-check pass; no browser auth or cross-account runtime test","Email/mobile verification MFA device tracking suspicious login lockout and lifecycle verification absent","Email/mobile verification MFA device tracking suspicious login lockout and lifecycle verification absent","Status is based on implementation plus available runtime/test evidence; source code alone is not PASS."
"2","Authentication","P02-R050","reset","PARTIAL","PARTIAL","PARTIAL","Customer src/hooks/useAuth.tsx; Terminal OS app/(auth), lib/auth/session.ts, middleware.ts","Customer src/hooks/useAuth.tsx; Terminal OS app/(auth), lib/auth/session.ts, middleware.ts","Build/type-check pass; no browser auth or cross-account runtime test","Email/mobile verification MFA device tracking suspicious login lockout and lifecycle verification absent","Email/mobile verification MFA device tracking suspicious login lockout and lifecycle verification absent","Status is based on implementation plus available runtime/test evidence; source code alone is not PASS."
"2","Authentication","P02-R051","migration","PARTIAL","PARTIAL","PARTIAL","Customer src/hooks/useAuth.tsx; Terminal OS app/(auth), lib/auth/session.ts, middleware.ts","Customer src/hooks/useAuth.tsx; Terminal OS app/(auth), lib/auth/session.ts, middleware.ts","Build/type-check pass; no browser auth or cross-account runtime test","Email/mobile verification MFA device tracking suspicious login lockout and lifecycle verification absent","Email/mobile verification MFA device tracking suspicious login lockout and lifecycle verification absent","Status is based on implementation plus available runtime/test evidence; source code alone is not PASS."
"2","Authentication","P02-R052","server-side account ownership","PARTIAL","PARTIAL","PARTIAL","Customer src/hooks/useAuth.tsx; Terminal OS app/(auth), lib/auth/session.ts, middleware.ts","Customer src/hooks/useAuth.tsx; Terminal OS app/(auth), lib/auth/session.ts, middleware.ts","Build/type-check pass; no browser auth or cross-account runtime test","Email/mobile verification MFA device tracking suspicious login lockout and lifecycle verification absent","Email/mobile verification MFA device tracking suspicious login lockout and lifecycle verification absent","Status is based on implementation plus available runtime/test evidence; source code alone is not PASS."
"3","Trading Account Engine","P03-R053","account ID","PARTIAL","PARTIAL","PARTIAL","Customer supabase migrations; Terminal OS server/services/accounts.ts and trading-accounts routes","Customer supabase migrations; Terminal OS server/services/accounts.ts and trading-accounts routes","Live table probe: trading_accounts 403 permission denied; no transition test","Exact live columns and server-controlled transition enforcement not certified","Exact live columns and server-controlled transition enforcement not certified","Status is based on implementation plus available runtime/test evidence; source code alone is not PASS."
"3","Trading Account Engine","P03-R054","customer/trader ID","PARTIAL","PARTIAL","PARTIAL","Customer supabase migrations; Terminal OS server/services/accounts.ts and trading-accounts routes","Customer supabase migrations; Terminal OS server/services/accounts.ts and trading-accounts routes","Live table probe: trading_accounts 403 permission denied; no transition test","Exact live columns and server-controlled transition enforcement not certified","Exact live columns and server-controlled transition enforcement not certified","Status is based on implementation plus available runtime/test evidence; source code alone is not PASS."
"3","Trading Account Engine","P03-R055","challenge ID","PARTIAL","PARTIAL","PARTIAL","Customer supabase migrations; Terminal OS server/services/accounts.ts and trading-accounts routes","Customer supabase migrations; Terminal OS server/services/accounts.ts and trading-accounts routes","Live table probe: trading_accounts 403 permission denied; no transition test","Exact live columns and server-controlled transition enforcement not certified","Exact live columns and server-controlled transition enforcement not certified","Status is based on implementation plus available runtime/test evidence; source code alone is not PASS."
"3","Trading Account Engine","P03-R056","account type","PARTIAL","PARTIAL","PARTIAL","Customer supabase migrations; Terminal OS server/services/accounts.ts and trading-accounts routes","Customer supabase migrations; Terminal OS server/services/accounts.ts and trading-accounts routes","Live table probe: trading_accounts 403 permission denied; no transition test","Exact live columns and server-controlled transition enforcement not certified","Exact live columns and server-controlled transition enforcement not certified","Status is based on implementation plus available runtime/test evidence; source code alone is not PASS."
"3","Trading Account Engine","P03-R057","initial balance","PARTIAL","PARTIAL","PARTIAL","Customer supabase migrations; Terminal OS server/services/accounts.ts and trading-accounts routes","Customer supabase migrations; Terminal OS server/services/accounts.ts and trading-accounts routes","Live table probe: trading_accounts 403 permission denied; no transition test","Exact live columns and server-controlled transition enforcement not certified","Exact live columns and server-controlled transition enforcement not certified","Status is based on implementation plus available runtime/test evidence; source code alone is not PASS."
"3","Trading Account Engine","P03-R058","current balance","PARTIAL","PARTIAL","PARTIAL","Customer supabase migrations; Terminal OS server/services/accounts.ts and trading-accounts routes","Customer supabase migrations; Terminal OS server/services/accounts.ts and trading-accounts routes","Live table probe: trading_accounts 403 permission denied; no transition test","Exact live columns and server-controlled transition enforcement not certified","Exact live columns and server-controlled transition enforcement not certified","Status is based on implementation plus available runtime/test evidence; source code alone is not PASS."
"3","Trading Account Engine","P03-R059","equity","PARTIAL","PARTIAL","PARTIAL","Customer supabase migrations; Terminal OS server/services/accounts.ts and trading-accounts routes","Customer supabase migrations; Terminal OS server/services/accounts.ts and trading-accounts routes","Live table probe: trading_accounts 403 permission denied; no transition test","Exact live columns and server-controlled transition enforcement not certified","Exact live columns and server-controlled transition enforcement not certified","Status is based on implementation plus available runtime/test evidence; source code alone is not PASS."
"3","Trading Account Engine","P03-R060","available margin","PARTIAL","PARTIAL","PARTIAL","Customer supabase migrations; Terminal OS server/services/accounts.ts and trading-accounts routes","Customer supabase migrations; Terminal OS server/services/accounts.ts and trading-accounts routes","Live table probe: trading_accounts 403 permission denied; no transition test","Exact live columns and server-controlled transition enforcement not certified","Exact live columns and server-controlled transition enforcement not certified","Status is based on implementation plus available runtime/test evidence; source code alone is not PASS."
"3","Trading Account Engine","P03-R061","used margin","PARTIAL","PARTIAL","PARTIAL","Customer supabase migrations; Terminal OS server/services/accounts.ts and trading-accounts routes","Customer supabase migrations; Terminal OS server/services/accounts.ts and trading-accounts routes","Live table probe: trading_accounts 403 permission denied; no transition test","Exact live columns and server-controlled transition enforcement not certified","Exact live columns and server-controlled transition enforcement not certified","Status is based on implementation plus available runtime/test evidence; source code alone is not PASS."
"3","Trading Account Engine","P03-R062","free margin","PARTIAL","PARTIAL","PARTIAL","Customer supabase migrations; Terminal OS server/services/accounts.ts and trading-accounts routes","Customer supabase migrations; Terminal OS server/services/accounts.ts and trading-accounts routes","Live table probe: trading_accounts 403 permission denied; no transition test","Exact live columns and server-controlled transition enforcement not certified","Exact live columns and server-controlled transition enforcement not certified","Status is based on implementation plus available runtime/test evidence; source code alone is not PASS."
"3","Trading Account Engine","P03-R063","leverage","PARTIAL","PARTIAL","PARTIAL","Customer supabase migrations; Terminal OS server/services/accounts.ts and trading-accounts routes","Customer supabase migrations; Terminal OS server/services/accounts.ts and trading-accounts routes","Live table probe: trading_accounts 403 permission denied; no transition test","Exact live columns and server-controlled transition enforcement not certified","Exact live columns and server-controlled transition enforcement not certified","Status is based on implementation plus available runtime/test evidence; source code alone is not PASS."
"3","Trading Account Engine","P03-R064","currency","PARTIAL","PARTIAL","PARTIAL","Customer supabase migrations; Terminal OS server/services/accounts.ts and trading-accounts routes","Customer supabase migrations; Terminal OS server/services/accounts.ts and trading-accounts routes","Live table probe: trading_accounts 403 permission denied; no transition test","Exact live columns and server-controlled transition enforcement not certified","Exact live columns and server-controlled transition enforcement not certified","Status is based on implementation plus available runtime/test evidence; source code alone is not PASS."
"3","Trading Account Engine","P03-R065","status","PARTIAL","PARTIAL","PARTIAL","Customer supabase migrations; Terminal OS server/services/accounts.ts and trading-accounts routes","Customer supabase migrations; Terminal OS server/services/accounts.ts and trading-accounts routes","Live table probe: trading_accounts 403 permission denied; no transition test","Exact live columns and server-controlled transition enforcement not certified","Exact live columns and server-controlled transition enforcement not certified","Status is based on implementation plus available runtime/test evidence; source code alone is not PASS."
"3","Trading Account Engine","P03-R066","trading permissions","PARTIAL","PARTIAL","PARTIAL","Customer supabase migrations; Terminal OS server/services/accounts.ts and trading-accounts routes","Customer supabase migrations; Terminal OS server/services/accounts.ts and trading-accounts routes","Live table probe: trading_accounts 403 permission denied; no transition test","Exact live columns and server-controlled transition enforcement not certified","Exact live columns and server-controlled transition enforcement not certified","Status is based on implementation plus available runtime/test evidence; source code alone is not PASS."
"3","Trading Account Engine","P03-R067","segment permissions","PARTIAL","PARTIAL","PARTIAL","Customer supabase migrations; Terminal OS server/services/accounts.ts and trading-accounts routes","Customer supabase migrations; Terminal OS server/services/accounts.ts and trading-accounts routes","Live table probe: trading_accounts 403 permission denied; no transition test","Exact live columns and server-controlled transition enforcement not certified","Exact live columns and server-controlled transition enforcement not certified","Status is based on implementation plus available runtime/test evidence; source code alone is not PASS."
"3","Trading Account Engine","P03-R068","created date","PARTIAL","PARTIAL","PARTIAL","Customer supabase migrations; Terminal OS server/services/accounts.ts and trading-accounts routes","Customer supabase migrations; Terminal OS server/services/accounts.ts and trading-accounts routes","Live table probe: trading_accounts 403 permission denied; no transition test","Exact live columns and server-controlled transition enforcement not certified","Exact live columns and server-controlled transition enforcement not certified","Status is based on implementation plus available runtime/test evidence; source code alone is not PASS."
"3","Trading Account Engine","P03-R069","activation date","PARTIAL","PARTIAL","PARTIAL","Customer supabase migrations; Terminal OS server/services/accounts.ts and trading-accounts routes","Customer supabase migrations; Terminal OS server/services/accounts.ts and trading-accounts routes","Live table probe: trading_accounts 403 permission denied; no transition test","Exact live columns and server-controlled transition enforcement not certified","Exact live columns and server-controlled transition enforcement not certified","Status is based on implementation plus available runtime/test evidence; source code alone is not PASS."
"3","Trading Account Engine","P03-R070","expiry","PARTIAL","PARTIAL","PARTIAL","Customer supabase migrations; Terminal OS server/services/accounts.ts and trading-accounts routes","Customer supabase migrations; Terminal OS server/services/accounts.ts and trading-accounts routes","Live table probe: trading_accounts 403 permission denied; no transition test","Exact live columns and server-controlled transition enforcement not certified","Exact live columns and server-controlled transition enforcement not certified","Status is based on implementation plus available runtime/test evidence; source code alone is not PASS."
"3","Trading Account Engine","P03-R071","breach state","PARTIAL","PARTIAL","PARTIAL","Customer supabase migrations; Terminal OS server/services/accounts.ts and trading-accounts routes","Customer supabase migrations; Terminal OS server/services/accounts.ts and trading-accounts routes","Live table probe: trading_accounts 403 permission denied; no transition test","Exact live columns and server-controlled transition enforcement not certified","Exact live columns and server-controlled transition enforcement not certified","Status is based on implementation plus available runtime/test evidence; source code alone is not PASS."
"3","Trading Account Engine","P03-R072","CREATED","PARTIAL","PARTIAL","PARTIAL","Customer supabase migrations; Terminal OS server/services/accounts.ts and trading-accounts routes","Customer supabase migrations; Terminal OS server/services/accounts.ts and trading-accounts routes","Live table probe: trading_accounts 403 permission denied; no transition test","Exact live columns and server-controlled transition enforcement not certified","Exact live columns and server-controlled transition enforcement not certified","Status is based on implementation plus available runtime/test evidence; source code alone is not PASS."
"3","Trading Account Engine","P03-R073","PENDING","PARTIAL","PARTIAL","PARTIAL","Customer supabase migrations; Terminal OS server/services/accounts.ts and trading-accounts routes","Customer supabase migrations; Terminal OS server/services/accounts.ts and trading-accounts routes","Live table probe: trading_accounts 403 permission denied; no transition test","Exact live columns and server-controlled transition enforcement not certified","Exact live columns and server-controlled transition enforcement not certified","Status is based on implementation plus available runtime/test evidence; source code alone is not PASS."
"3","Trading Account Engine","P03-R074","ACTIVE","PARTIAL","PARTIAL","PARTIAL","Customer supabase migrations; Terminal OS server/services/accounts.ts and trading-accounts routes","Customer supabase migrations; Terminal OS server/services/accounts.ts and trading-accounts routes","Live table probe: trading_accounts 403 permission denied; no transition test","Exact live columns and server-controlled transition enforcement not certified","Exact live columns and server-controlled transition enforcement not certified","Status is based on implementation plus available runtime/test evidence; source code alone is not PASS."
"3","Trading Account Engine","P03-R075","PAUSED","PARTIAL","PARTIAL","PARTIAL","Customer supabase migrations; Terminal OS server/services/accounts.ts and trading-accounts routes","Customer supabase migrations; Terminal OS server/services/accounts.ts and trading-accounts routes","Live table probe: trading_accounts 403 permission denied; no transition test","Exact live columns and server-controlled transition enforcement not certified","Exact live columns and server-controlled transition enforcement not certified","Status is based on implementation plus available runtime/test evidence; source code alone is not PASS."
"3","Trading Account Engine","P03-R076","RESTRICTED","PARTIAL","PARTIAL","PARTIAL","Customer supabase migrations; Terminal OS server/services/accounts.ts and trading-accounts routes","Customer supabase migrations; Terminal OS server/services/accounts.ts and trading-accounts routes","Live table probe: trading_accounts 403 permission denied; no transition test","Exact live columns and server-controlled transition enforcement not certified","Exact live columns and server-controlled transition enforcement not certified","Status is based on implementation plus available runtime/test evidence; source code alone is not PASS."
"3","Trading Account Engine","P03-R077","BREACHED","PARTIAL","PARTIAL","PARTIAL","Customer supabase migrations; Terminal OS server/services/accounts.ts and trading-accounts routes","Customer supabase migrations; Terminal OS server/services/accounts.ts and trading-accounts routes","Live table probe: trading_accounts 403 permission denied; no transition test","Exact live columns and server-controlled transition enforcement not certified","Exact live columns and server-controlled transition enforcement not certified","Status is based on implementation plus available runtime/test evidence; source code alone is not PASS."
"3","Trading Account Engine","P03-R078","PAYOUT_REVIEW","PARTIAL","PARTIAL","PARTIAL","Customer supabase migrations; Terminal OS server/services/accounts.ts and trading-accounts routes","Customer supabase migrations; Terminal OS server/services/accounts.ts and trading-accounts routes","Live table probe: trading_accounts 403 permission denied; no transition test","Exact live columns and server-controlled transition enforcement not certified","Exact live columns and server-controlled transition enforcement not certified","Status is based on implementation plus available runtime/test evidence; source code alone is not PASS."
"3","Trading Account Engine","P03-R079","CLOSED","PARTIAL","PARTIAL","PARTIAL","Customer supabase migrations; Terminal OS server/services/accounts.ts and trading-accounts routes","Customer supabase migrations; Terminal OS server/services/accounts.ts and trading-accounts routes","Live table probe: trading_accounts 403 permission denied; no transition test","Exact live columns and server-controlled transition enforcement not certified","Exact live columns and server-controlled transition enforcement not certified","Status is based on implementation plus available runtime/test evidence; source code alone is not PASS."
"3","Trading Account Engine","P03-R080","ARCHIVED","PARTIAL","PARTIAL","PARTIAL","Customer supabase migrations; Terminal OS server/services/accounts.ts and trading-accounts routes","Customer supabase migrations; Terminal OS server/services/accounts.ts and trading-accounts routes","Live table probe: trading_accounts 403 permission denied; no transition test","Exact live columns and server-controlled transition enforcement not certified","Exact live columns and server-controlled transition enforcement not certified","Status is based on implementation plus available runtime/test evidence; source code alone is not PASS."
"3","Trading Account Engine","P03-R081","server-controlled transitions","PARTIAL","PARTIAL","PARTIAL","Customer supabase migrations; Terminal OS server/services/accounts.ts and trading-accounts routes","Customer supabase migrations; Terminal OS server/services/accounts.ts and trading-accounts routes","Live table probe: trading_accounts 403 permission denied; no transition test","Exact live columns and server-controlled transition enforcement not certified","Exact live columns and server-controlled transition enforcement not certified","Status is based on implementation plus available runtime/test evidence; source code alone is not PASS."
"4","Challenge / Rules Engine","P04-R082","maximum daily loss","PARTIAL","PARTIAL","PARTIAL","Customer src/lib/riskEngine.ts and account-rule migrations; Terminal OS server/services/risk.ts","Customer src/lib/riskEngine.ts and account-rule migrations; Terminal OS server/services/risk.ts","Customer risk tests pass 15 tests; no live rules read","Not every rule is proven data-driven, transaction-safe, or enforced on every order","Not every rule is proven data-driven, transaction-safe, or enforced on every order","Status is based on implementation plus available runtime/test evidence; source code alone is not PASS."
"4","Challenge / Rules Engine","P04-R083","maximum total drawdown","PARTIAL","PARTIAL","PARTIAL","Customer src/lib/riskEngine.ts and account-rule migrations; Terminal OS server/services/risk.ts","Customer src/lib/riskEngine.ts and account-rule migrations; Terminal OS server/services/risk.ts","Customer risk tests pass 15 tests; no live rules read","Not every rule is proven data-driven, transaction-safe, or enforced on every order","Not every rule is proven data-driven, transaction-safe, or enforced on every order","Status is based on implementation plus available runtime/test evidence; source code alone is not PASS."
"4","Challenge / Rules Engine","P04-R084","trailing drawdown","PARTIAL","PARTIAL","PARTIAL","Customer src/lib/riskEngine.ts and account-rule migrations; Terminal OS server/services/risk.ts","Customer src/lib/riskEngine.ts and account-rule migrations; Terminal OS server/services/risk.ts","Customer risk tests pass 15 tests; no live rules read","Not every rule is proven data-driven, transaction-safe, or enforced on every order","Not every rule is proven data-driven, transaction-safe, or enforced on every order","Status is based on implementation plus available runtime/test evidence; source code alone is not PASS."
"4","Challenge / Rules Engine","P04-R085","fixed drawdown","PARTIAL","PARTIAL","PARTIAL","Customer src/lib/riskEngine.ts and account-rule migrations; Terminal OS server/services/risk.ts","Customer src/lib/riskEngine.ts and account-rule migrations; Terminal OS server/services/risk.ts","Customer risk tests pass 15 tests; no live rules read","Not every rule is proven data-driven, transaction-safe, or enforced on every order","Not every rule is proven data-driven, transaction-safe, or enforced on every order","Status is based on implementation plus available runtime/test evidence; source code alone is not PASS."
"4","Challenge / Rules Engine","P04-R086","maximum position size","PARTIAL","PARTIAL","PARTIAL","Customer src/lib/riskEngine.ts and account-rule migrations; Terminal OS server/services/risk.ts","Customer src/lib/riskEngine.ts and account-rule migrations; Terminal OS server/services/risk.ts","Customer risk tests pass 15 tests; no live rules read","Not every rule is proven data-driven, transaction-safe, or enforced on every order","Not every rule is proven data-driven, transaction-safe, or enforced on every order","Status is based on implementation plus available runtime/test evidence; source code alone is not PASS."
"4","Challenge / Rules Engine","P04-R087","maximum lot size","PARTIAL","PARTIAL","PARTIAL","Customer src/lib/riskEngine.ts and account-rule migrations; Terminal OS server/services/risk.ts","Customer src/lib/riskEngine.ts and account-rule migrations; Terminal OS server/services/risk.ts","Customer risk tests pass 15 tests; no live rules read","Not every rule is proven data-driven, transaction-safe, or enforced on every order","Not every rule is proven data-driven, transaction-safe, or enforced on every order","Status is based on implementation plus available runtime/test evidence; source code alone is not PASS."
"4","Challenge / Rules Engine","P04-R088","maximum positions","PARTIAL","PARTIAL","PARTIAL","Customer src/lib/riskEngine.ts and account-rule migrations; Terminal OS server/services/risk.ts","Customer src/lib/riskEngine.ts and account-rule migrations; Terminal OS server/services/risk.ts","Customer risk tests pass 15 tests; no live rules read","Not every rule is proven data-driven, transaction-safe, or enforced on every order","Not every rule is proven data-driven, transaction-safe, or enforced on every order","Status is based on implementation plus available runtime/test evidence; source code alone is not PASS."
"4","Challenge / Rules Engine","P04-R089","maximum trades","PARTIAL","PARTIAL","PARTIAL","Customer src/lib/riskEngine.ts and account-rule migrations; Terminal OS server/services/risk.ts","Customer src/lib/riskEngine.ts and account-rule migrations; Terminal OS server/services/risk.ts","Customer risk tests pass 15 tests; no live rules read","Not every rule is proven data-driven, transaction-safe, or enforced on every order","Not every rule is proven data-driven, transaction-safe, or enforced on every order","Status is based on implementation plus available runtime/test evidence; source code alone is not PASS."
"4","Challenge / Rules Engine","P04-R090","leverage","PARTIAL","PARTIAL","PARTIAL","Customer src/lib/riskEngine.ts and account-rule migrations; Terminal OS server/services/risk.ts","Customer src/lib/riskEngine.ts and account-rule migrations; Terminal OS server/services/risk.ts","Customer risk tests pass 15 tests; no live rules read","Not every rule is proven data-driven, transaction-safe, or enforced on every order","Not every rule is proven data-driven, transaction-safe, or enforced on every order","Status is based on implementation plus available runtime/test evidence; source code alone is not PASS."
"4","Challenge / Rules Engine","P04-R091","margin","PARTIAL","PARTIAL","PARTIAL","Customer src/lib/riskEngine.ts and account-rule migrations; Terminal OS server/services/risk.ts","Customer src/lib/riskEngine.ts and account-rule migrations; Terminal OS server/services/risk.ts","Customer risk tests pass 15 tests; no live rules read","Not every rule is proven data-driven, transaction-safe, or enforced on every order","Not every rule is proven data-driven, transaction-safe, or enforced on every order","Status is based on implementation plus available runtime/test evidence; source code alone is not PASS."
"4","Challenge / Rules Engine","P04-R092","instrument restrictions","PARTIAL","PARTIAL","PARTIAL","Customer src/lib/riskEngine.ts and account-rule migrations; Terminal OS server/services/risk.ts","Customer src/lib/riskEngine.ts and account-rule migrations; Terminal OS server/services/risk.ts","Customer risk tests pass 15 tests; no live rules read","Not every rule is proven data-driven, transaction-safe, or enforced on every order","Not every rule is proven data-driven, transaction-safe, or enforced on every order","Status is based on implementation plus available runtime/test evidence; source code alone is not PASS."
"4","Challenge / Rules Engine","P04-R093","segment restrictions","PARTIAL","PARTIAL","PARTIAL","Customer src/lib/riskEngine.ts and account-rule migrations; Terminal OS server/services/risk.ts","Customer src/lib/riskEngine.ts and account-rule migrations; Terminal OS server/services/risk.ts","Customer risk tests pass 15 tests; no live rules read","Not every rule is proven data-driven, transaction-safe, or enforced on every order","Not every rule is proven data-driven, transaction-safe, or enforced on every order","Status is based on implementation plus available runtime/test evidence; source code alone is not PASS."
"4","Challenge / Rules Engine","P04-R094","trading hours","PARTIAL","PARTIAL","PARTIAL","Customer src/lib/riskEngine.ts and account-rule migrations; Terminal OS server/services/risk.ts","Customer src/lib/riskEngine.ts and account-rule migrations; Terminal OS server/services/risk.ts","Customer risk tests pass 15 tests; no live rules read","Not every rule is proven data-driven, transaction-safe, or enforced on every order","Not every rule is proven data-driven, transaction-safe, or enforced on every order","Status is based on implementation plus available runtime/test evidence; source code alone is not PASS."
"4","Challenge / Rules Engine","P04-R095","overnight","PARTIAL","PARTIAL","PARTIAL","Customer src/lib/riskEngine.ts and account-rule migrations; Terminal OS server/services/risk.ts","Customer src/lib/riskEngine.ts and account-rule migrations; Terminal OS server/services/risk.ts","Customer risk tests pass 15 tests; no live rules read","Not every rule is proven data-driven, transaction-safe, or enforced on every order","Not every rule is proven data-driven, transaction-safe, or enforced on every order","Status is based on implementation plus available runtime/test evidence; source code alone is not PASS."
"4","Challenge / Rules Engine","P04-R096","weekend","PARTIAL","PARTIAL","PARTIAL","Customer src/lib/riskEngine.ts and account-rule migrations; Terminal OS server/services/risk.ts","Customer src/lib/riskEngine.ts and account-rule migrations; Terminal OS server/services/risk.ts","Customer risk tests pass 15 tests; no live rules read","Not every rule is proven data-driven, transaction-safe, or enforced on every order","Not every rule is proven data-driven, transaction-safe, or enforced on every order","Status is based on implementation plus available runtime/test evidence; source code alone is not PASS."
"4","Challenge / Rules Engine","P04-R097","news","PARTIAL","PARTIAL","PARTIAL","Customer src/lib/riskEngine.ts and account-rule migrations; Terminal OS server/services/risk.ts","Customer src/lib/riskEngine.ts and account-rule migrations; Terminal OS server/services/risk.ts","Customer risk tests pass 15 tests; no live rules read","Not every rule is proven data-driven, transaction-safe, or enforced on every order","Not every rule is proven data-driven, transaction-safe, or enforced on every order","Status is based on implementation plus available runtime/test evidence; source code alone is not PASS."
"4","Challenge / Rules Engine","P04-R098","consistency","PARTIAL","PARTIAL","PARTIAL","Customer src/lib/riskEngine.ts and account-rule migrations; Terminal OS server/services/risk.ts","Customer src/lib/riskEngine.ts and account-rule migrations; Terminal OS server/services/risk.ts","Customer risk tests pass 15 tests; no live rules read","Not every rule is proven data-driven, transaction-safe, or enforced on every order","Not every rule is proven data-driven, transaction-safe, or enforced on every order","Status is based on implementation plus available runtime/test evidence; source code alone is not PASS."
"4","Challenge / Rules Engine","P04-R099","profit target","PARTIAL","PARTIAL","PARTIAL","Customer src/lib/riskEngine.ts and account-rule migrations; Terminal OS server/services/risk.ts","Customer src/lib/riskEngine.ts and account-rule migrations; Terminal OS server/services/risk.ts","Customer risk tests pass 15 tests; no live rules read","Not every rule is proven data-driven, transaction-safe, or enforced on every order","Not every rule is proven data-driven, transaction-safe, or enforced on every order","Status is based on implementation plus available runtime/test evidence; source code alone is not PASS."
"4","Challenge / Rules Engine","P04-R100","minimum trading days","PARTIAL","PARTIAL","PARTIAL","Customer src/lib/riskEngine.ts and account-rule migrations; Terminal OS server/services/risk.ts","Customer src/lib/riskEngine.ts and account-rule migrations; Terminal OS server/services/risk.ts","Customer risk tests pass 15 tests; no live rules read","Not every rule is proven data-driven, transaction-safe, or enforced on every order","Not every rule is proven data-driven, transaction-safe, or enforced on every order","Status is based on implementation plus available runtime/test evidence; source code alone is not PASS."
"4","Challenge / Rules Engine","P04-R101","maximum trading days","PARTIAL","PARTIAL","PARTIAL","Customer src/lib/riskEngine.ts and account-rule migrations; Terminal OS server/services/risk.ts","Customer src/lib/riskEngine.ts and account-rule migrations; Terminal OS server/services/risk.ts","Customer risk tests pass 15 tests; no live rules read","Not every rule is proven data-driven, transaction-safe, or enforced on every order","Not every rule is proven data-driven, transaction-safe, or enforced on every order","Status is based on implementation plus available runtime/test evidence; source code alone is not PASS."
"4","Challenge / Rules Engine","P04-R102","payout conditions","PARTIAL","PARTIAL","PARTIAL","Customer src/lib/riskEngine.ts and account-rule migrations; Terminal OS server/services/risk.ts","Customer src/lib/riskEngine.ts and account-rule migrations; Terminal OS server/services/risk.ts","Customer risk tests pass 15 tests; no live rules read","Not every rule is proven data-driven, transaction-safe, or enforced on every order","Not every rule is proven data-driven, transaction-safe, or enforced on every order","Status is based on implementation plus available runtime/test evidence; source code alone is not PASS."
"4","Challenge / Rules Engine","P04-R103","scaling","PARTIAL","PARTIAL","PARTIAL","Customer src/lib/riskEngine.ts and account-rule migrations; Terminal OS server/services/risk.ts","Customer src/lib/riskEngine.ts and account-rule migrations; Terminal OS server/services/risk.ts","Customer risk tests pass 15 tests; no live rules read","Not every rule is proven data-driven, transaction-safe, or enforced on every order","Not every rule is proven data-driven, transaction-safe, or enforced on every order","Status is based on implementation plus available runtime/test evidence; source code alone is not PASS."
"5","Market Data / Instrument Master","P05-R104","NSE equity","PARTIAL","PARTIAL","PARTIAL","Customer instrumentClassification, diagnostic-instruments.json, broker adapters; Terminal OS instruments service/page","Customer instrumentClassification, diagnostic-instruments.json, broker adapters; Terminal OS instruments service/page","Customer classification tests pass; live instruments probe 403 permission denied","Exchange coverage, field completeness, freshness and licensed source not verified","Exchange coverage, field completeness, freshness and licensed source not verified","Status is based on implementation plus available runtime/test evidence; source code alone is not PASS."
"5","Market Data / Instrument Master","P05-R105","NSE indices","PARTIAL","PARTIAL","PARTIAL","Customer instrumentClassification, diagnostic-instruments.json, broker adapters; Terminal OS instruments service/page","Customer instrumentClassification, diagnostic-instruments.json, broker adapters; Terminal OS instruments service/page","Customer classification tests pass; live instruments probe 403 permission denied","Exchange coverage, field completeness, freshness and licensed source not verified","Exchange coverage, field completeness, freshness and licensed source not verified","Status is based on implementation plus available runtime/test evidence; source code alone is not PASS."
"5","Market Data / Instrument Master","P05-R106","NSE futures","PARTIAL","PARTIAL","PARTIAL","Customer instrumentClassification, diagnostic-instruments.json, broker adapters; Terminal OS instruments service/page","Customer instrumentClassification, diagnostic-instruments.json, broker adapters; Terminal OS instruments service/page","Customer classification tests pass; live instruments probe 403 permission denied","Exchange coverage, field completeness, freshness and licensed source not verified","Exchange coverage, field completeness, freshness and licensed source not verified","Status is based on implementation plus available runtime/test evidence; source code alone is not PASS."
"5","Market Data / Instrument Master","P05-R107","NSE options","PARTIAL","PARTIAL","PARTIAL","Customer instrumentClassification, diagnostic-instruments.json, broker adapters; Terminal OS instruments service/page","Customer instrumentClassification, diagnostic-instruments.json, broker adapters; Terminal OS instruments service/page","Customer classification tests pass; live instruments probe 403 permission denied","Exchange coverage, field completeness, freshness and licensed source not verified","Exchange coverage, field completeness, freshness and licensed source not verified","Status is based on implementation plus available runtime/test evidence; source code alone is not PASS."
"5","Market Data / Instrument Master","P05-R108","BSE equity","PARTIAL","PARTIAL","PARTIAL","Customer instrumentClassification, diagnostic-instruments.json, broker adapters; Terminal OS instruments service/page","Customer instrumentClassification, diagnostic-instruments.json, broker adapters; Terminal OS instruments service/page","Customer classification tests pass; live instruments probe 403 permission denied","Exchange coverage, field completeness, freshness and licensed source not verified","Exchange coverage, field completeness, freshness and licensed source not verified","Status is based on implementation plus available runtime/test evidence; source code alone is not PASS."
"5","Market Data / Instrument Master","P05-R109","BSE indices","PARTIAL","PARTIAL","PARTIAL","Customer instrumentClassification, diagnostic-instruments.json, broker adapters; Terminal OS instruments service/page","Customer instrumentClassification, diagnostic-instruments.json, broker adapters; Terminal OS instruments service/page","Customer classification tests pass; live instruments probe 403 permission denied","Exchange coverage, field completeness, freshness and licensed source not verified","Exchange coverage, field completeness, freshness and licensed source not verified","Status is based on implementation plus available runtime/test evidence; source code alone is not PASS."
"5","Market Data / Instrument Master","P05-R110","BSE derivatives","PARTIAL","PARTIAL","PARTIAL","Customer instrumentClassification, diagnostic-instruments.json, broker adapters; Terminal OS instruments service/page","Customer instrumentClassification, diagnostic-instruments.json, broker adapters; Terminal OS instruments service/page","Customer classification tests pass; live instruments probe 403 permission denied","Exchange coverage, field completeness, freshness and licensed source not verified","Exchange coverage, field completeness, freshness and licensed source not verified","Status is based on implementation plus available runtime/test evidence; source code alone is not PASS."
"5","Market Data / Instrument Master","P05-R111","MCX commodities","PARTIAL","PARTIAL","PARTIAL","Customer instrumentClassification, diagnostic-instruments.json, broker adapters; Terminal OS instruments service/page","Customer instrumentClassification, diagnostic-instruments.json, broker adapters; Terminal OS instruments service/page","Customer classification tests pass; live instruments probe 403 permission denied","Exchange coverage, field completeness, freshness and licensed source not verified","Exchange coverage, field completeness, freshness and licensed source not verified","Status is based on implementation plus available runtime/test evidence; source code alone is not PASS."
"5","Market Data / Instrument Master","P05-R112","MCX derivatives","PARTIAL","PARTIAL","PARTIAL","Customer instrumentClassification, diagnostic-instruments.json, broker adapters; Terminal OS instruments service/page","Customer instrumentClassification, diagnostic-instruments.json, broker adapters; Terminal OS instruments service/page","Customer classification tests pass; live instruments probe 403 permission denied","Exchange coverage, field completeness, freshness and licensed source not verified","Exchange coverage, field completeness, freshness and licensed source not verified","Status is based on implementation plus available runtime/test evidence; source code alone is not PASS."
"5","Market Data / Instrument Master","P05-R113","currency derivatives","PARTIAL","PARTIAL","PARTIAL","Customer instrumentClassification, diagnostic-instruments.json, broker adapters; Terminal OS instruments service/page","Customer instrumentClassification, diagnostic-instruments.json, broker adapters; Terminal OS instruments service/page","Customer classification tests pass; live instruments probe 403 permission denied","Exchange coverage, field completeness, freshness and licensed source not verified","Exchange coverage, field completeness, freshness and licensed source not verified","Status is based on implementation plus available runtime/test evidence; source code alone is not PASS."
"5","Market Data / Instrument Master","P05-R114","instrument ID","PARTIAL","PARTIAL","PARTIAL","Customer instrumentClassification, diagnostic-instruments.json, broker adapters; Terminal OS instruments service/page","Customer instrumentClassification, diagnostic-instruments.json, broker adapters; Terminal OS instruments service/page","Customer classification tests pass; live instruments probe 403 permission denied","Exchange coverage, field completeness, freshness and licensed source not verified","Exchange coverage, field completeness, freshness and licensed source not verified","Status is based on implementation plus available runtime/test evidence; source code alone is not PASS."
"5","Market Data / Instrument Master","P05-R115","exchange","PARTIAL","PARTIAL","PARTIAL","Customer instrumentClassification, diagnostic-instruments.json, broker adapters; Terminal OS instruments service/page","Customer instrumentClassification, diagnostic-instruments.json, broker adapters; Terminal OS instruments service/page","Customer classification tests pass; live instruments probe 403 permission denied","Exchange coverage, field completeness, freshness and licensed source not verified","Exchange coverage, field completeness, freshness and licensed source not verified","Status is based on implementation plus available runtime/test evidence; source code alone is not PASS."
"5","Market Data / Instrument Master","P05-R116","segment","PARTIAL","PARTIAL","PARTIAL","Customer instrumentClassification, diagnostic-instruments.json, broker adapters; Terminal OS instruments service/page","Customer instrumentClassification, diagnostic-instruments.json, broker adapters; Terminal OS instruments service/page","Customer classification tests pass; live instruments probe 403 permission denied","Exchange coverage, field completeness, freshness and licensed source not verified","Exchange coverage, field completeness, freshness and licensed source not verified","Status is based on implementation plus available runtime/test evidence; source code alone is not PASS."
"5","Market Data / Instrument Master","P05-R117","symbol","PARTIAL","PARTIAL","PARTIAL","Customer instrumentClassification, diagnostic-instruments.json, broker adapters; Terminal OS instruments service/page","Customer instrumentClassification, diagnostic-instruments.json, broker adapters; Terminal OS instruments service/page","Customer classification tests pass; live instruments probe 403 permission denied","Exchange coverage, field completeness, freshness and licensed source not verified","Exchange coverage, field completeness, freshness and licensed source not verified","Status is based on implementation plus available runtime/test evidence; source code alone is not PASS."
"5","Market Data / Instrument Master","P05-R118","trading symbol","PARTIAL","PARTIAL","PARTIAL","Customer instrumentClassification, diagnostic-instruments.json, broker adapters; Terminal OS instruments service/page","Customer instrumentClassification, diagnostic-instruments.json, broker adapters; Terminal OS instruments service/page","Customer classification tests pass; live instruments probe 403 permission denied","Exchange coverage, field completeness, freshness and licensed source not verified","Exchange coverage, field completeness, freshness and licensed source not verified","Status is based on implementation plus available runtime/test evidence; source code alone is not PASS."
"5","Market Data / Instrument Master","P05-R119","ISIN","PARTIAL","PARTIAL","PARTIAL","Customer instrumentClassification, diagnostic-instruments.json, broker adapters; Terminal OS instruments service/page","Customer instrumentClassification, diagnostic-instruments.json, broker adapters; Terminal OS instruments service/page","Customer classification tests pass; live instruments probe 403 permission denied","Exchange coverage, field completeness, freshness and licensed source not verified","Exchange coverage, field completeness, freshness and licensed source not verified","Status is based on implementation plus available runtime/test evidence; source code alone is not PASS."
"5","Market Data / Instrument Master","P05-R120","expiry","PARTIAL","PARTIAL","PARTIAL","Customer instrumentClassification, diagnostic-instruments.json, broker adapters; Terminal OS instruments service/page","Customer instrumentClassification, diagnostic-instruments.json, broker adapters; Terminal OS instruments service/page","Customer classification tests pass; live instruments probe 403 permission denied","Exchange coverage, field completeness, freshness and licensed source not verified","Exchange coverage, field completeness, freshness and licensed source not verified","Status is based on implementation plus available runtime/test evidence; source code alone is not PASS."
"5","Market Data / Instrument Master","P05-R121","strike","PARTIAL","PARTIAL","PARTIAL","Customer instrumentClassification, diagnostic-instruments.json, broker adapters; Terminal OS instruments service/page","Customer instrumentClassification, diagnostic-instruments.json, broker adapters; Terminal OS instruments service/page","Customer classification tests pass; live instruments probe 403 permission denied","Exchange coverage, field completeness, freshness and licensed source not verified","Exchange coverage, field completeness, freshness and licensed source not verified","Status is based on implementation plus available runtime/test evidence; source code alone is not PASS."
"5","Market Data / Instrument Master","P05-R122","option type","PARTIAL","PARTIAL","PARTIAL","Customer instrumentClassification, diagnostic-instruments.json, broker adapters; Terminal OS instruments service/page","Customer instrumentClassification, diagnostic-instruments.json, broker adapters; Terminal OS instruments service/page","Customer classification tests pass; live instruments probe 403 permission denied","Exchange coverage, field completeness, freshness and licensed source not verified","Exchange coverage, field completeness, freshness and licensed source not verified","Status is based on implementation plus available runtime/test evidence; source code alone is not PASS."
"5","Market Data / Instrument Master","P05-R123","lot size","PARTIAL","PARTIAL","PARTIAL","Customer instrumentClassification, diagnostic-instruments.json, broker adapters; Terminal OS instruments service/page","Customer instrumentClassification, diagnostic-instruments.json, broker adapters; Terminal OS instruments service/page","Customer classification tests pass; live instruments probe 403 permission denied","Exchange coverage, field completeness, freshness and licensed source not verified","Exchange coverage, field completeness, freshness and licensed source not verified","Status is based on implementation plus available runtime/test evidence; source code alone is not PASS."
"5","Market Data / Instrument Master","P05-R124","tick size","PARTIAL","PARTIAL","PARTIAL","Customer instrumentClassification, diagnostic-instruments.json, broker adapters; Terminal OS instruments service/page","Customer instrumentClassification, diagnostic-instruments.json, broker adapters; Terminal OS instruments service/page","Customer classification tests pass; live instruments probe 403 permission denied","Exchange coverage, field completeness, freshness and licensed source not verified","Exchange coverage, field completeness, freshness and licensed source not verified","Status is based on implementation plus available runtime/test evidence; source code alone is not PASS."
"5","Market Data / Instrument Master","P05-R125","status","PARTIAL","PARTIAL","PARTIAL","Customer instrumentClassification, diagnostic-instruments.json, broker adapters; Terminal OS instruments service/page","Customer instrumentClassification, diagnostic-instruments.json, broker adapters; Terminal OS instruments service/page","Customer classification tests pass; live instruments probe 403 permission denied","Exchange coverage, field completeness, freshness and licensed source not verified","Exchange coverage, field completeness, freshness and licensed source not verified","Status is based on implementation plus available runtime/test evidence; source code alone is not PASS."
"5","Market Data / Instrument Master","P05-R126","underlying","PARTIAL","PARTIAL","PARTIAL","Customer instrumentClassification, diagnostic-instruments.json, broker adapters; Terminal OS instruments service/page","Customer instrumentClassification, diagnostic-instruments.json, broker adapters; Terminal OS instruments service/page","Customer classification tests pass; live instruments probe 403 permission denied","Exchange coverage, field completeness, freshness and licensed source not verified","Exchange coverage, field completeness, freshness and licensed source not verified","Status is based on implementation plus available runtime/test evidence; source code alone is not PASS."
"5","Market Data / Instrument Master","P05-R127","multiplier","PARTIAL","PARTIAL","PARTIAL","Customer instrumentClassification, diagnostic-instruments.json, broker adapters; Terminal OS instruments service/page","Customer instrumentClassification, diagnostic-instruments.json, broker adapters; Terminal OS instruments service/page","Customer classification tests pass; live instruments probe 403 permission denied","Exchange coverage, field completeness, freshness and licensed source not verified","Exchange coverage, field completeness, freshness and licensed source not verified","Status is based on implementation plus available runtime/test evidence; source code alone is not PASS."
"6","Realtime Market Data","P06-R128","LTP","PARTIAL","MISSING","PARTIAL","src/lib/marketApi.ts; useMarketData.ts; websocketClient.ts; OI utilities; proxy-server.mjs","No meaningful implementation identified in Terminal OS for this requirement.","Market API/OI/WebSocket tests pass; no live feed certification","No verified gateway/cache/fanout production path or complete field coverage","No verified gateway/cache/fanout production path or complete field coverage","Status is based on implementation plus available runtime/test evidence; source code alone is not PASS."
"6","Realtime Market Data","P06-R129","bid","PARTIAL","MISSING","PARTIAL","src/lib/marketApi.ts; useMarketData.ts; websocketClient.ts; OI utilities; proxy-server.mjs","No meaningful implementation identified in Terminal OS for this requirement.","Market API/OI/WebSocket tests pass; no live feed certification","No verified gateway/cache/fanout production path or complete field coverage","No verified gateway/cache/fanout production path or complete field coverage","Status is based on implementation plus available runtime/test evidence; source code alone is not PASS."
"6","Realtime Market Data","P06-R130","ask","PARTIAL","MISSING","PARTIAL","src/lib/marketApi.ts; useMarketData.ts; websocketClient.ts; OI utilities; proxy-server.mjs","No meaningful implementation identified in Terminal OS for this requirement.","Market API/OI/WebSocket tests pass; no live feed certification","No verified gateway/cache/fanout production path or complete field coverage","No verified gateway/cache/fanout production path or complete field coverage","Status is based on implementation plus available runtime/test evidence; source code alone is not PASS."
"6","Realtime Market Data","P06-R131","bid quantity","PARTIAL","MISSING","PARTIAL","src/lib/marketApi.ts; useMarketData.ts; websocketClient.ts; OI utilities; proxy-server.mjs","No meaningful implementation identified in Terminal OS for this requirement.","Market API/OI/WebSocket tests pass; no live feed certification","No verified gateway/cache/fanout production path or complete field coverage","No verified gateway/cache/fanout production path or complete field coverage","Status is based on implementation plus available runtime/test evidence; source code alone is not PASS."
"6","Realtime Market Data","P06-R132","ask quantity","PARTIAL","MISSING","PARTIAL","src/lib/marketApi.ts; useMarketData.ts; websocketClient.ts; OI utilities; proxy-server.mjs","No meaningful implementation identified in Terminal OS for this requirement.","Market API/OI/WebSocket tests pass; no live feed certification","No verified gateway/cache/fanout production path or complete field coverage","No verified gateway/cache/fanout production path or complete field coverage","Status is based on implementation plus available runtime/test evidence; source code alone is not PASS."
"6","Realtime Market Data","P06-R133","OHLC","PARTIAL","MISSING","PARTIAL","src/lib/marketApi.ts; useMarketData.ts; websocketClient.ts; OI utilities; proxy-server.mjs","No meaningful implementation identified in Terminal OS for this requirement.","Market API/OI/WebSocket tests pass; no live feed certification","No verified gateway/cache/fanout production path or complete field coverage","No verified gateway/cache/fanout production path or complete field coverage","Status is based on implementation plus available runtime/test evidence; source code alone is not PASS."
"6","Realtime Market Data","P06-R134","volume","PARTIAL","MISSING","PARTIAL","src/lib/marketApi.ts; useMarketData.ts; websocketClient.ts; OI utilities; proxy-server.mjs","No meaningful implementation identified in Terminal OS for this requirement.","Market API/OI/WebSocket tests pass; no live feed certification","No verified gateway/cache/fanout production path or complete field coverage","No verified gateway/cache/fanout production path or complete field coverage","Status is based on implementation plus available runtime/test evidence; source code alone is not PASS."
"6","Realtime Market Data","P06-R135","OI","PARTIAL","MISSING","PARTIAL","src/lib/marketApi.ts; useMarketData.ts; websocketClient.ts; OI utilities; proxy-server.mjs","No meaningful implementation identified in Terminal OS for this requirement.","Market API/OI/WebSocket tests pass; no live feed certification","No verified gateway/cache/fanout production path or complete field coverage","No verified gateway/cache/fanout production path or complete field coverage","Status is based on implementation plus available runtime/test evidence; source code alone is not PASS."
"6","Realtime Market Data","P06-R136","OI change","PARTIAL","MISSING","PARTIAL","src/lib/marketApi.ts; useMarketData.ts; websocketClient.ts; OI utilities; proxy-server.mjs","No meaningful implementation identified in Terminal OS for this requirement.","Market API/OI/WebSocket tests pass; no live feed certification","No verified gateway/cache/fanout production path or complete field coverage","No verified gateway/cache/fanout production path or complete field coverage","Status is based on implementation plus available runtime/test evidence; source code alone is not PASS."
"6","Realtime Market Data","P06-R137","timestamp","PARTIAL","MISSING","PARTIAL","src/lib/marketApi.ts; useMarketData.ts; websocketClient.ts; OI utilities; proxy-server.mjs","No meaningful implementation identified in Terminal OS for this requirement.","Market API/OI/WebSocket tests pass; no live feed certification","No verified gateway/cache/fanout production path or complete field coverage","No verified gateway/cache/fanout production path or complete field coverage","Status is based on implementation plus available runtime/test evidence; source code alone is not PASS."
"6","Realtime Market Data","P06-R138","market status","PARTIAL","MISSING","PARTIAL","src/lib/marketApi.ts; useMarketData.ts; websocketClient.ts; OI utilities; proxy-server.mjs","No meaningful implementation identified in Terminal OS for this requirement.","Market API/OI/WebSocket tests pass; no live feed certification","No verified gateway/cache/fanout production path or complete field coverage","No verified gateway/cache/fanout production path or complete field coverage","Status is based on implementation plus available runtime/test evidence; source code alone is not PASS."
"6","Realtime Market Data","P06-R139","circuit limits","PARTIAL","MISSING","PARTIAL","src/lib/marketApi.ts; useMarketData.ts; websocketClient.ts; OI utilities; proxy-server.mjs","No meaningful implementation identified in Terminal OS for this requirement.","Market API/OI/WebSocket tests pass; no live feed certification","No verified gateway/cache/fanout production path or complete field coverage","No verified gateway/cache/fanout production path or complete field coverage","Status is based on implementation plus available runtime/test evidence; source code alone is not PASS."
"6","Realtime Market Data","P06-R140","depth","PARTIAL","MISSING","PARTIAL","src/lib/marketApi.ts; useMarketData.ts; websocketClient.ts; OI utilities; proxy-server.mjs","No meaningful implementation identified in Terminal OS for this requirement.","Market API/OI/WebSocket tests pass; no live feed certification","No verified gateway/cache/fanout production path or complete field coverage","No verified gateway/cache/fanout production path or complete field coverage","Status is based on implementation plus available runtime/test evidence; source code alone is not PASS."
"6","Realtime Market Data","P06-R141","trades","PARTIAL","MISSING","PARTIAL","src/lib/marketApi.ts; useMarketData.ts; websocketClient.ts; OI utilities; proxy-server.mjs","No meaningful implementation identified in Terminal OS for this requirement.","Market API/OI/WebSocket tests pass; no live feed certification","No verified gateway/cache/fanout production path or complete field coverage","No verified gateway/cache/fanout production path or complete field coverage","Status is based on implementation plus available runtime/test evidence; source code alone is not PASS."
"6","Realtime Market Data","P06-R142","Broker to Market Data Gateway to Normalizer to Cache to WebSocket to Customer","PARTIAL","MISSING","PARTIAL","src/lib/marketApi.ts; useMarketData.ts; websocketClient.ts; OI utilities; proxy-server.mjs","No meaningful implementation identified in Terminal OS for this requirement.","Market API/OI/WebSocket tests pass; no live feed certification","No verified gateway/cache/fanout production path or complete field coverage","No verified gateway/cache/fanout production path or complete field coverage","Status is based on implementation plus available runtime/test evidence; source code alone is not PASS."
"7","Market Data Reliability","P07-R143","reconnect","PARTIAL","MISSING","PARTIAL","src/lib/websocketClient.ts; marketDataState.ts; operationalHealth.ts; provider health schema","No meaningful implementation identified in Terminal OS for this requirement.","WebSocket lifecycle tests pass 5 tests; no load or live outage test","Scale limits, failover, backpressure and provider circuit breaker not certified","Scale limits, failover, backpressure and provider circuit breaker not certified","Status is based on implementation plus available runtime/test evidence; source code alone is not PASS."
"7","Market Data Reliability","P07-R144","heartbeat","PARTIAL","MISSING","PARTIAL","src/lib/websocketClient.ts; marketDataState.ts; operationalHealth.ts; provider health schema","No meaningful implementation identified in Terminal OS for this requirement.","WebSocket lifecycle tests pass 5 tests; no load or live outage test","Scale limits, failover, backpressure and provider circuit breaker not certified","Scale limits, failover, backpressure and provider circuit breaker not certified","Status is based on implementation plus available runtime/test evidence; source code alone is not PASS."
"7","Market Data Reliability","P07-R145","sequence tracking","PARTIAL","MISSING","PARTIAL","src/lib/websocketClient.ts; marketDataState.ts; operationalHealth.ts; provider health schema","No meaningful implementation identified in Terminal OS for this requirement.","WebSocket lifecycle tests pass 5 tests; no load or live outage test","Scale limits, failover, backpressure and provider circuit breaker not certified","Scale limits, failover, backpressure and provider circuit breaker not certified","Status is based on implementation plus available runtime/test evidence; source code alone is not PASS."
"7","Market Data Reliability","P07-R146","duplicate protection","PARTIAL","MISSING","PARTIAL","src/lib/websocketClient.ts; marketDataState.ts; operationalHealth.ts; provider health schema","No meaningful implementation identified in Terminal OS for this requirement.","WebSocket lifecycle tests pass 5 tests; no load or live outage test","Scale limits, failover, backpressure and provider circuit breaker not certified","Scale limits, failover, backpressure and provider circuit breaker not certified","Status is based on implementation plus available runtime/test evidence; source code alone is not PASS."
"7","Market Data Reliability","P07-R147","stale detection","PARTIAL","MISSING","PARTIAL","src/lib/websocketClient.ts; marketDataState.ts; operationalHealth.ts; provider health schema","No meaningful implementation identified in Terminal OS for this requirement.","WebSocket lifecycle tests pass 5 tests; no load or live outage test","Scale limits, failover, backpressure and provider circuit breaker not certified","Scale limits, failover, backpressure and provider circuit breaker not certified","Status is based on implementation plus available runtime/test evidence; source code alone is not PASS."
"7","Market Data Reliability","P07-R148","provider health","PARTIAL","MISSING","PARTIAL","src/lib/websocketClient.ts; marketDataState.ts; operationalHealth.ts; provider health schema","No meaningful implementation identified in Terminal OS for this requirement.","WebSocket lifecycle tests pass 5 tests; no load or live outage test","Scale limits, failover, backpressure and provider circuit breaker not certified","Scale limits, failover, backpressure and provider circuit breaker not certified","Status is based on implementation plus available runtime/test evidence; source code alone is not PASS."
"7","Market Data Reliability","P07-R149","circuit breaker","PARTIAL","MISSING","PARTIAL","src/lib/websocketClient.ts; marketDataState.ts; operationalHealth.ts; provider health schema","No meaningful implementation identified in Terminal OS for this requirement.","WebSocket lifecycle tests pass 5 tests; no load or live outage test","Scale limits, failover, backpressure and provider circuit breaker not certified","Scale limits, failover, backpressure and provider circuit breaker not certified","Status is based on implementation plus available runtime/test evidence; source code alone is not PASS."
"7","Market Data Reliability","P07-R150","provider failover","PARTIAL","MISSING","PARTIAL","src/lib/websocketClient.ts; marketDataState.ts; operationalHealth.ts; provider health schema","No meaningful implementation identified in Terminal OS for this requirement.","WebSocket lifecycle tests pass 5 tests; no load or live outage test","Scale limits, failover, backpressure and provider circuit breaker not certified","Scale limits, failover, backpressure and provider circuit breaker not certified","Status is based on implementation plus available runtime/test evidence; source code alone is not PASS."
"7","Market Data Reliability","P07-R151","subscriptions","PARTIAL","MISSING","PARTIAL","src/lib/websocketClient.ts; marketDataState.ts; operationalHealth.ts; provider health schema","No meaningful implementation identified in Terminal OS for this requirement.","WebSocket lifecycle tests pass 5 tests; no load or live outage test","Scale limits, failover, backpressure and provider circuit breaker not certified","Scale limits, failover, backpressure and provider circuit breaker not certified","Status is based on implementation plus available runtime/test evidence; source code alone is not PASS."
"7","Market Data Reliability","P07-R152","backpressure","PARTIAL","MISSING","PARTIAL","src/lib/websocketClient.ts; marketDataState.ts; operationalHealth.ts; provider health schema","No meaningful implementation identified in Terminal OS for this requirement.","WebSocket lifecycle tests pass 5 tests; no load or live outage test","Scale limits, failover, backpressure and provider circuit breaker not certified","Scale limits, failover, backpressure and provider circuit breaker not certified","Status is based on implementation plus available runtime/test evidence; source code alone is not PASS."
"7","Market Data Reliability","P07-R153","connection limits","PARTIAL","MISSING","PARTIAL","src/lib/websocketClient.ts; marketDataState.ts; operationalHealth.ts; provider health schema","No meaningful implementation identified in Terminal OS for this requirement.","WebSocket lifecycle tests pass 5 tests; no load or live outage test","Scale limits, failover, backpressure and provider circuit breaker not certified","Scale limits, failover, backpressure and provider circuit breaker not certified","Status is based on implementation plus available runtime/test evidence; source code alone is not PASS."
"7","Market Data Reliability","P07-R154","symbol limits","PARTIAL","MISSING","PARTIAL","src/lib/websocketClient.ts; marketDataState.ts; operationalHealth.ts; provider health schema","No meaningful implementation identified in Terminal OS for this requirement.","WebSocket lifecycle tests pass 5 tests; no load or live outage test","Scale limits, failover, backpressure and provider circuit breaker not certified","Scale limits, failover, backpressure and provider circuit breaker not certified","Status is based on implementation plus available runtime/test evidence; source code alone is not PASS."
"8","Chart Engine","P08-R155","candlestick","PARTIAL","MISSING","PARTIAL","StockChart.tsx; useChartData.ts; lightweight-charts; marketApi.ts","No meaningful implementation identified in Terminal OS for this requirement.","Chart tests/build pass; no browser or real historical/realtime verification","Drawing/tools, corporate actions, expiry behavior and indicator correctness not fully verified","Drawing/tools, corporate actions, expiry behavior and indicator correctness not fully verified","Status is based on implementation plus available runtime/test evidence; source code alone is not PASS."
"8","Chart Engine","P08-R156","line","PARTIAL","MISSING","PARTIAL","StockChart.tsx; useChartData.ts; lightweight-charts; marketApi.ts","No meaningful implementation identified in Terminal OS for this requirement.","Chart tests/build pass; no browser or real historical/realtime verification","Drawing/tools, corporate actions, expiry behavior and indicator correctness not fully verified","Drawing/tools, corporate actions, expiry behavior and indicator correctness not fully verified","Status is based on implementation plus available runtime/test evidence; source code alone is not PASS."
"8","Chart Engine","P08-R157","area","PARTIAL","MISSING","PARTIAL","StockChart.tsx; useChartData.ts; lightweight-charts; marketApi.ts","No meaningful implementation identified in Terminal OS for this requirement.","Chart tests/build pass; no browser or real historical/realtime verification","Drawing/tools, corporate actions, expiry behavior and indicator correctness not fully verified","Drawing/tools, corporate actions, expiry behavior and indicator correctness not fully verified","Status is based on implementation plus available runtime/test evidence; source code alone is not PASS."
"8","Chart Engine","P08-R158","volume","PARTIAL","MISSING","PARTIAL","StockChart.tsx; useChartData.ts; lightweight-charts; marketApi.ts","No meaningful implementation identified in Terminal OS for this requirement.","Chart tests/build pass; no browser or real historical/realtime verification","Drawing/tools, corporate actions, expiry behavior and indicator correctness not fully verified","Drawing/tools, corporate actions, expiry behavior and indicator correctness not fully verified","Status is based on implementation plus available runtime/test evidence; source code alone is not PASS."
"8","Chart Engine","P08-R159","indicators","PARTIAL","MISSING","PARTIAL","StockChart.tsx; useChartData.ts; lightweight-charts; marketApi.ts","No meaningful implementation identified in Terminal OS for this requirement.","Chart tests/build pass; no browser or real historical/realtime verification","Drawing/tools, corporate actions, expiry behavior and indicator correctness not fully verified","Drawing/tools, corporate actions, expiry behavior and indicator correctness not fully verified","Status is based on implementation plus available runtime/test evidence; source code alone is not PASS."
"8","Chart Engine","P08-R160","drawing tools","PARTIAL","MISSING","PARTIAL","StockChart.tsx; useChartData.ts; lightweight-charts; marketApi.ts","No meaningful implementation identified in Terminal OS for this requirement.","Chart tests/build pass; no browser or real historical/realtime verification","Drawing/tools, corporate actions, expiry behavior and indicator correctness not fully verified","Drawing/tools, corporate actions, expiry behavior and indicator correctness not fully verified","Status is based on implementation plus available runtime/test evidence; source code alone is not PASS."
"8","Chart Engine","P08-R161","crosshair","PARTIAL","MISSING","PARTIAL","StockChart.tsx; useChartData.ts; lightweight-charts; marketApi.ts","No meaningful implementation identified in Terminal OS for this requirement.","Chart tests/build pass; no browser or real historical/realtime verification","Drawing/tools, corporate actions, expiry behavior and indicator correctness not fully verified","Drawing/tools, corporate actions, expiry behavior and indicator correctness not fully verified","Status is based on implementation plus available runtime/test evidence; source code alone is not PASS."
"8","Chart Engine","P08-R162","timeframe","PARTIAL","MISSING","PARTIAL","StockChart.tsx; useChartData.ts; lightweight-charts; marketApi.ts","No meaningful implementation identified in Terminal OS for this requirement.","Chart tests/build pass; no browser or real historical/realtime verification","Drawing/tools, corporate actions, expiry behavior and indicator correctness not fully verified","Drawing/tools, corporate actions, expiry behavior and indicator correctness not fully verified","Status is based on implementation plus available runtime/test evidence; source code alone is not PASS."
"8","Chart Engine","P08-R163","historical candles","PARTIAL","MISSING","PARTIAL","StockChart.tsx; useChartData.ts; lightweight-charts; marketApi.ts","No meaningful implementation identified in Terminal OS for this requirement.","Chart tests/build pass; no browser or real historical/realtime verification","Drawing/tools, corporate actions, expiry behavior and indicator correctness not fully verified","Drawing/tools, corporate actions, expiry behavior and indicator correctness not fully verified","Status is based on implementation plus available runtime/test evidence; source code alone is not PASS."
"8","Chart Engine","P08-R164","realtime candles","PARTIAL","MISSING","PARTIAL","StockChart.tsx; useChartData.ts; lightweight-charts; marketApi.ts","No meaningful implementation identified in Terminal OS for this requirement.","Chart tests/build pass; no browser or real historical/realtime verification","Drawing/tools, corporate actions, expiry behavior and indicator correctness not fully verified","Drawing/tools, corporate actions, expiry behavior and indicator correctness not fully verified","Status is based on implementation plus available runtime/test evidence; source code alone is not PASS."
"8","Chart Engine","P08-R165","symbol switching","PARTIAL","MISSING","PARTIAL","StockChart.tsx; useChartData.ts; lightweight-charts; marketApi.ts","No meaningful implementation identified in Terminal OS for this requirement.","Chart tests/build pass; no browser or real historical/realtime verification","Drawing/tools, corporate actions, expiry behavior and indicator correctness not fully verified","Drawing/tools, corporate actions, expiry behavior and indicator correctness not fully verified","Status is based on implementation plus available runtime/test evidence; source code alone is not PASS."
"8","Chart Engine","P08-R166","timezone","PARTIAL","MISSING","PARTIAL","StockChart.tsx; useChartData.ts; lightweight-charts; marketApi.ts","No meaningful implementation identified in Terminal OS for this requirement.","Chart tests/build pass; no browser or real historical/realtime verification","Drawing/tools, corporate actions, expiry behavior and indicator correctness not fully verified","Drawing/tools, corporate actions, expiry behavior and indicator correctness not fully verified","Status is based on implementation plus available runtime/test evidence; source code alone is not PASS."
"8","Chart Engine","P08-R167","session boundaries","PARTIAL","MISSING","PARTIAL","StockChart.tsx; useChartData.ts; lightweight-charts; marketApi.ts","No meaningful implementation identified in Terminal OS for this requirement.","Chart tests/build pass; no browser or real historical/realtime verification","Drawing/tools, corporate actions, expiry behavior and indicator correctness not fully verified","Drawing/tools, corporate actions, expiry behavior and indicator correctness not fully verified","Status is based on implementation plus available runtime/test evidence; source code alone is not PASS."
"8","Chart Engine","P08-R168","corporate actions","PARTIAL","MISSING","PARTIAL","StockChart.tsx; useChartData.ts; lightweight-charts; marketApi.ts","No meaningful implementation identified in Terminal OS for this requirement.","Chart tests/build pass; no browser or real historical/realtime verification","Drawing/tools, corporate actions, expiry behavior and indicator correctness not fully verified","Drawing/tools, corporate actions, expiry behavior and indicator correctness not fully verified","Status is based on implementation plus available runtime/test evidence; source code alone is not PASS."
"8","Chart Engine","P08-R169","futures expiry","PARTIAL","MISSING","PARTIAL","StockChart.tsx; useChartData.ts; lightweight-charts; marketApi.ts","No meaningful implementation identified in Terminal OS for this requirement.","Chart tests/build pass; no browser or real historical/realtime verification","Drawing/tools, corporate actions, expiry behavior and indicator correctness not fully verified","Drawing/tools, corporate actions, expiry behavior and indicator correctness not fully verified","Status is based on implementation plus available runtime/test evidence; source code alone is not PASS."
"8","Chart Engine","P08-R170","options","PARTIAL","MISSING","PARTIAL","StockChart.tsx; useChartData.ts; lightweight-charts; marketApi.ts","No meaningful implementation identified in Terminal OS for this requirement.","Chart tests/build pass; no browser or real historical/realtime verification","Drawing/tools, corporate actions, expiry behavior and indicator correctness not fully verified","Drawing/tools, corporate actions, expiry behavior and indicator correctness not fully verified","Status is based on implementation plus available runtime/test evidence; source code alone is not PASS."
"8","Chart Engine","P08-R171","SMA","PARTIAL","MISSING","PARTIAL","StockChart.tsx; useChartData.ts; lightweight-charts; marketApi.ts","No meaningful implementation identified in Terminal OS for this requirement.","Chart tests/build pass; no browser or real historical/realtime verification","Drawing/tools, corporate actions, expiry behavior and indicator correctness not fully verified","Drawing/tools, corporate actions, expiry behavior and indicator correctness not fully verified","Status is based on implementation plus available runtime/test evidence; source code alone is not PASS."
"8","Chart Engine","P08-R172","EMA","PARTIAL","MISSING","PARTIAL","StockChart.tsx; useChartData.ts; lightweight-charts; marketApi.ts","No meaningful implementation identified in Terminal OS for this requirement.","Chart tests/build pass; no browser or real historical/realtime verification","Drawing/tools, corporate actions, expiry behavior and indicator correctness not fully verified","Drawing/tools, corporate actions, expiry behavior and indicator correctness not fully verified","Status is based on implementation plus available runtime/test evidence; source code alone is not PASS."
"8","Chart Engine","P08-R173","VWAP","PARTIAL","MISSING","PARTIAL","StockChart.tsx; useChartData.ts; lightweight-charts; marketApi.ts","No meaningful implementation identified in Terminal OS for this requirement.","Chart tests/build pass; no browser or real historical/realtime verification","Drawing/tools, corporate actions, expiry behavior and indicator correctness not fully verified","Drawing/tools, corporate actions, expiry behavior and indicator correctness not fully verified","Status is based on implementation plus available runtime/test evidence; source code alone is not PASS."
"8","Chart Engine","P08-R174","RSI","PARTIAL","MISSING","PARTIAL","StockChart.tsx; useChartData.ts; lightweight-charts; marketApi.ts","No meaningful implementation identified in Terminal OS for this requirement.","Chart tests/build pass; no browser or real historical/realtime verification","Drawing/tools, corporate actions, expiry behavior and indicator correctness not fully verified","Drawing/tools, corporate actions, expiry behavior and indicator correctness not fully verified","Status is based on implementation plus available runtime/test evidence; source code alone is not PASS."
"8","Chart Engine","P08-R175","MACD","PARTIAL","MISSING","PARTIAL","StockChart.tsx; useChartData.ts; lightweight-charts; marketApi.ts","No meaningful implementation identified in Terminal OS for this requirement.","Chart tests/build pass; no browser or real historical/realtime verification","Drawing/tools, corporate actions, expiry behavior and indicator correctness not fully verified","Drawing/tools, corporate actions, expiry behavior and indicator correctness not fully verified","Status is based on implementation plus available runtime/test evidence; source code alone is not PASS."
"8","Chart Engine","P08-R176","Bollinger","PARTIAL","MISSING","PARTIAL","StockChart.tsx; useChartData.ts; lightweight-charts; marketApi.ts","No meaningful implementation identified in Terminal OS for this requirement.","Chart tests/build pass; no browser or real historical/realtime verification","Drawing/tools, corporate actions, expiry behavior and indicator correctness not fully verified","Drawing/tools, corporate actions, expiry behavior and indicator correctness not fully verified","Status is based on implementation plus available runtime/test evidence; source code alone is not PASS."
"8","Chart Engine","P08-R177","ATR","PARTIAL","MISSING","PARTIAL","StockChart.tsx; useChartData.ts; lightweight-charts; marketApi.ts","No meaningful implementation identified in Terminal OS for this requirement.","Chart tests/build pass; no browser or real historical/realtime verification","Drawing/tools, corporate actions, expiry behavior and indicator correctness not fully verified","Drawing/tools, corporate actions, expiry behavior and indicator correctness not fully verified","Status is based on implementation plus available runtime/test evidence; source code alone is not PASS."
"8","Chart Engine","P08-R178","Supertrend","PARTIAL","MISSING","PARTIAL","StockChart.tsx; useChartData.ts; lightweight-charts; marketApi.ts","No meaningful implementation identified in Terminal OS for this requirement.","Chart tests/build pass; no browser or real historical/realtime verification","Drawing/tools, corporate actions, expiry behavior and indicator correctness not fully verified","Drawing/tools, corporate actions, expiry behavior and indicator correctness not fully verified","Status is based on implementation plus available runtime/test evidence; source code alone is not PASS."
"8","Chart Engine","P08-R179","volume","PARTIAL","MISSING","PARTIAL","StockChart.tsx; useChartData.ts; lightweight-charts; marketApi.ts","No meaningful implementation identified in Terminal OS for this requirement.","Chart tests/build pass; no browser or real historical/realtime verification","Drawing/tools, corporate actions, expiry behavior and indicator correctness not fully verified","Drawing/tools, corporate actions, expiry behavior and indicator correctness not fully verified","Status is based on implementation plus available runtime/test evidence; source code alone is not PASS."
"8","Chart Engine","P08-R180","OI","PARTIAL","MISSING","PARTIAL","StockChart.tsx; useChartData.ts; lightweight-charts; marketApi.ts","No meaningful implementation identified in Terminal OS for this requirement.","Chart tests/build pass; no browser or real historical/realtime verification","Drawing/tools, corporate actions, expiry behavior and indicator correctness not fully verified","Drawing/tools, corporate actions, expiry behavior and indicator correctness not fully verified","Status is based on implementation plus available runtime/test evidence; source code alone is not PASS."
"9","Option Chain","P09-R181","expiry","PARTIAL","MISSING","PARTIAL","OptionChain.tsx; OIAnalysis.tsx; brokerRouter.ts; oiUtils.ts","No meaningful implementation identified in Terminal OS for this requirement.","Broker router/OI tests pass; Kite test warns instrument master unavailable","Provider-backed underlyings and complete live chain fields not certified","Provider-backed underlyings and complete live chain fields not certified","Status is based on implementation plus available runtime/test evidence; source code alone is not PASS."
"9","Option Chain","P09-R182","strike ladder","PARTIAL","MISSING","PARTIAL","OptionChain.tsx; OIAnalysis.tsx; brokerRouter.ts; oiUtils.ts","No meaningful implementation identified in Terminal OS for this requirement.","Broker router/OI tests pass; Kite test warns instrument master unavailable","Provider-backed underlyings and complete live chain fields not certified","Provider-backed underlyings and complete live chain fields not certified","Status is based on implementation plus available runtime/test evidence; source code alone is not PASS."
"9","Option Chain","P09-R183","CE","PARTIAL","MISSING","PARTIAL","OptionChain.tsx; OIAnalysis.tsx; brokerRouter.ts; oiUtils.ts","No meaningful implementation identified in Terminal OS for this requirement.","Broker router/OI tests pass; Kite test warns instrument master unavailable","Provider-backed underlyings and complete live chain fields not certified","Provider-backed underlyings and complete live chain fields not certified","Status is based on implementation plus available runtime/test evidence; source code alone is not PASS."
"9","Option Chain","P09-R184","PE","PARTIAL","MISSING","PARTIAL","OptionChain.tsx; OIAnalysis.tsx; brokerRouter.ts; oiUtils.ts","No meaningful implementation identified in Terminal OS for this requirement.","Broker router/OI tests pass; Kite test warns instrument master unavailable","Provider-backed underlyings and complete live chain fields not certified","Provider-backed underlyings and complete live chain fields not certified","Status is based on implementation plus available runtime/test evidence; source code alone is not PASS."
"9","Option Chain","P09-R185","LTP","PARTIAL","MISSING","PARTIAL","OptionChain.tsx; OIAnalysis.tsx; brokerRouter.ts; oiUtils.ts","No meaningful implementation identified in Terminal OS for this requirement.","Broker router/OI tests pass; Kite test warns instrument master unavailable","Provider-backed underlyings and complete live chain fields not certified","Provider-backed underlyings and complete live chain fields not certified","Status is based on implementation plus available runtime/test evidence; source code alone is not PASS."
"9","Option Chain","P09-R186","bid/ask","PARTIAL","MISSING","PARTIAL","OptionChain.tsx; OIAnalysis.tsx; brokerRouter.ts; oiUtils.ts","No meaningful implementation identified in Terminal OS for this requirement.","Broker router/OI tests pass; Kite test warns instrument master unavailable","Provider-backed underlyings and complete live chain fields not certified","Provider-backed underlyings and complete live chain fields not certified","Status is based on implementation plus available runtime/test evidence; source code alone is not PASS."
"9","Option Chain","P09-R187","volume","PARTIAL","MISSING","PARTIAL","OptionChain.tsx; OIAnalysis.tsx; brokerRouter.ts; oiUtils.ts","No meaningful implementation identified in Terminal OS for this requirement.","Broker router/OI tests pass; Kite test warns instrument master unavailable","Provider-backed underlyings and complete live chain fields not certified","Provider-backed underlyings and complete live chain fields not certified","Status is based on implementation plus available runtime/test evidence; source code alone is not PASS."
"9","Option Chain","P09-R188","OI","PARTIAL","MISSING","PARTIAL","OptionChain.tsx; OIAnalysis.tsx; brokerRouter.ts; oiUtils.ts","No meaningful implementation identified in Terminal OS for this requirement.","Broker router/OI tests pass; Kite test warns instrument master unavailable","Provider-backed underlyings and complete live chain fields not certified","Provider-backed underlyings and complete live chain fields not certified","Status is based on implementation plus available runtime/test evidence; source code alone is not PASS."
"9","Option Chain","P09-R189","OI change","PARTIAL","MISSING","PARTIAL","OptionChain.tsx; OIAnalysis.tsx; brokerRouter.ts; oiUtils.ts","No meaningful implementation identified in Terminal OS for this requirement.","Broker router/OI tests pass; Kite test warns instrument master unavailable","Provider-backed underlyings and complete live chain fields not certified","Provider-backed underlyings and complete live chain fields not certified","Status is based on implementation plus available runtime/test evidence; source code alone is not PASS."
"9","Option Chain","P09-R190","IV","PARTIAL","MISSING","PARTIAL","OptionChain.tsx; OIAnalysis.tsx; brokerRouter.ts; oiUtils.ts","No meaningful implementation identified in Terminal OS for this requirement.","Broker router/OI tests pass; Kite test warns instrument master unavailable","Provider-backed underlyings and complete live chain fields not certified","Provider-backed underlyings and complete live chain fields not certified","Status is based on implementation plus available runtime/test evidence; source code alone is not PASS."
"9","Option Chain","P09-R191","Greeks","PARTIAL","MISSING","PARTIAL","OptionChain.tsx; OIAnalysis.tsx; brokerRouter.ts; oiUtils.ts","No meaningful implementation identified in Terminal OS for this requirement.","Broker router/OI tests pass; Kite test warns instrument master unavailable","Provider-backed underlyings and complete live chain fields not certified","Provider-backed underlyings and complete live chain fields not certified","Status is based on implementation plus available runtime/test evidence; source code alone is not PASS."
"9","Option Chain","P09-R192","lot size","PARTIAL","MISSING","PARTIAL","OptionChain.tsx; OIAnalysis.tsx; brokerRouter.ts; oiUtils.ts","No meaningful implementation identified in Terminal OS for this requirement.","Broker router/OI tests pass; Kite test warns instrument master unavailable","Provider-backed underlyings and complete live chain fields not certified","Provider-backed underlyings and complete live chain fields not certified","Status is based on implementation plus available runtime/test evidence; source code alone is not PASS."
"9","Option Chain","P09-R193","underlying","PARTIAL","MISSING","PARTIAL","OptionChain.tsx; OIAnalysis.tsx; brokerRouter.ts; oiUtils.ts","No meaningful implementation identified in Terminal OS for this requirement.","Broker router/OI tests pass; Kite test warns instrument master unavailable","Provider-backed underlyings and complete live chain fields not certified","Provider-backed underlyings and complete live chain fields not certified","Status is based on implementation plus available runtime/test evidence; source code alone is not PASS."
"9","Option Chain","P09-R194","ATM","PARTIAL","MISSING","PARTIAL","OptionChain.tsx; OIAnalysis.tsx; brokerRouter.ts; oiUtils.ts","No meaningful implementation identified in Terminal OS for this requirement.","Broker router/OI tests pass; Kite test warns instrument master unavailable","Provider-backed underlyings and complete live chain fields not certified","Provider-backed underlyings and complete live chain fields not certified","Status is based on implementation plus available runtime/test evidence; source code alone is not PASS."
"9","Option Chain","P09-R195","ITM/OTM","PARTIAL","MISSING","PARTIAL","OptionChain.tsx; OIAnalysis.tsx; brokerRouter.ts; oiUtils.ts","No meaningful implementation identified in Terminal OS for this requirement.","Broker router/OI tests pass; Kite test warns instrument master unavailable","Provider-backed underlyings and complete live chain fields not certified","Provider-backed underlyings and complete live chain fields not certified","Status is based on implementation plus available runtime/test evidence; source code alone is not PASS."
"9","Option Chain","P09-R196","strike filtering","PARTIAL","MISSING","PARTIAL","OptionChain.tsx; OIAnalysis.tsx; brokerRouter.ts; oiUtils.ts","No meaningful implementation identified in Terminal OS for this requirement.","Broker router/OI tests pass; Kite test warns instrument master unavailable","Provider-backed underlyings and complete live chain fields not certified","Provider-backed underlyings and complete live chain fields not certified","Status is based on implementation plus available runtime/test evidence; source code alone is not PASS."
"10","Watchlist","P10-R197","multiple watchlists","PARTIAL","MISSING","PARTIAL","Watchlist.tsx; lib/watchlist.ts; watchlists migrations; local database","No meaningful implementation identified in Terminal OS for this requirement.","UI/code and tests/build evidence; live watchlists probe 403","Browser-local and server persistence paths are not proven consistent","Browser-local and server persistence paths are not proven consistent","Status is based on implementation plus available runtime/test evidence; source code alone is not PASS."
"10","Watchlist","P10-R198","add/remove","PARTIAL","MISSING","PARTIAL","Watchlist.tsx; lib/watchlist.ts; watchlists migrations; local database","No meaningful implementation identified in Terminal OS for this requirement.","UI/code and tests/build evidence; live watchlists probe 403","Browser-local and server persistence paths are not proven consistent","Browser-local and server persistence paths are not proven consistent","Status is based on implementation plus available runtime/test evidence; source code alone is not PASS."
"10","Watchlist","P10-R199","reorder","PARTIAL","MISSING","PARTIAL","Watchlist.tsx; lib/watchlist.ts; watchlists migrations; local database","No meaningful implementation identified in Terminal OS for this requirement.","UI/code and tests/build evidence; live watchlists probe 403","Browser-local and server persistence paths are not proven consistent","Browser-local and server persistence paths are not proven consistent","Status is based on implementation plus available runtime/test evidence; source code alone is not PASS."
"10","Watchlist","P10-R200","search","PARTIAL","MISSING","PARTIAL","Watchlist.tsx; lib/watchlist.ts; watchlists migrations; local database","No meaningful implementation identified in Terminal OS for this requirement.","UI/code and tests/build evidence; live watchlists probe 403","Browser-local and server persistence paths are not proven consistent","Browser-local and server persistence paths are not proven consistent","Status is based on implementation plus available runtime/test evidence; source code alone is not PASS."
"10","Watchlist","P10-R201","categories","PARTIAL","MISSING","PARTIAL","Watchlist.tsx; lib/watchlist.ts; watchlists migrations; local database","No meaningful implementation identified in Terminal OS for this requirement.","UI/code and tests/build evidence; live watchlists probe 403","Browser-local and server persistence paths are not proven consistent","Browser-local and server persistence paths are not proven consistent","Status is based on implementation plus available runtime/test evidence; source code alone is not PASS."
"10","Watchlist","P10-R202","realtime prices","PARTIAL","MISSING","PARTIAL","Watchlist.tsx; lib/watchlist.ts; watchlists migrations; local database","No meaningful implementation identified in Terminal OS for this requirement.","UI/code and tests/build evidence; live watchlists probe 403","Browser-local and server persistence paths are not proven consistent","Browser-local and server persistence paths are not proven consistent","Status is based on implementation plus available runtime/test evidence; source code alone is not PASS."
"10","Watchlist","P10-R203","percentage change","PARTIAL","MISSING","PARTIAL","Watchlist.tsx; lib/watchlist.ts; watchlists migrations; local database","No meaningful implementation identified in Terminal OS for this requirement.","UI/code and tests/build evidence; live watchlists probe 403","Browser-local and server persistence paths are not proven consistent","Browser-local and server persistence paths are not proven consistent","Status is based on implementation plus available runtime/test evidence; source code alone is not PASS."
"10","Watchlist","P10-R204","volume","PARTIAL","MISSING","PARTIAL","Watchlist.tsx; lib/watchlist.ts; watchlists migrations; local database","No meaningful implementation identified in Terminal OS for this requirement.","UI/code and tests/build evidence; live watchlists probe 403","Browser-local and server persistence paths are not proven consistent","Browser-local and server persistence paths are not proven consistent","Status is based on implementation plus available runtime/test evidence; source code alone is not PASS."
"10","Watchlist","P10-R205","OI","PARTIAL","MISSING","PARTIAL","Watchlist.tsx; lib/watchlist.ts; watchlists migrations; local database","No meaningful implementation identified in Terminal OS for this requirement.","UI/code and tests/build evidence; live watchlists probe 403","Browser-local and server persistence paths are not proven consistent","Browser-local and server persistence paths are not proven consistent","Status is based on implementation plus available runtime/test evidence; source code alone is not PASS."
"10","Watchlist","P10-R206","market status","PARTIAL","MISSING","PARTIAL","Watchlist.tsx; lib/watchlist.ts; watchlists migrations; local database","No meaningful implementation identified in Terminal OS for this requirement.","UI/code and tests/build evidence; live watchlists probe 403","Browser-local and server persistence paths are not proven consistent","Browser-local and server persistence paths are not proven consistent","Status is based on implementation plus available runtime/test evidence; source code alone is not PASS."
"10","Watchlist","P10-R207","server persistence","PARTIAL","MISSING","PARTIAL","Watchlist.tsx; lib/watchlist.ts; watchlists migrations; local database","No meaningful implementation identified in Terminal OS for this requirement.","UI/code and tests/build evidence; live watchlists probe 403","Browser-local and server persistence paths are not proven consistent","Browser-local and server persistence paths are not proven consistent","Status is based on implementation plus available runtime/test evidence; source code alone is not PASS."
"10","Watchlist","P10-R208","ownership","PARTIAL","MISSING","PARTIAL","Watchlist.tsx; lib/watchlist.ts; watchlists migrations; local database","No meaningful implementation identified in Terminal OS for this requirement.","UI/code and tests/build evidence; live watchlists probe 403","Browser-local and server persistence paths are not proven consistent","Browser-local and server persistence paths are not proven consistent","Status is based on implementation plus available runtime/test evidence; source code alone is not PASS."
"11","Trading UI","P11-R209","BUY","PARTIAL","MISSING","PARTIAL","QuickTradeActions; order components; executionService.ts; broker adapters","No meaningful implementation identified in Terminal OS for this requirement.","No safe end-to-end order UI runtime test","Complete order parameters, preview/charges and confirmation-to-server path not certified","Complete order parameters, preview/charges and confirmation-to-server path not certified","Status is based on implementation plus available runtime/test evidence; source code alone is not PASS."
"11","Trading UI","P11-R210","SELL","PARTIAL","MISSING","PARTIAL","QuickTradeActions; order components; executionService.ts; broker adapters","No meaningful implementation identified in Terminal OS for this requirement.","No safe end-to-end order UI runtime test","Complete order parameters, preview/charges and confirmation-to-server path not certified","Complete order parameters, preview/charges and confirmation-to-server path not certified","Status is based on implementation plus available runtime/test evidence; source code alone is not PASS."
"11","Trading UI","P11-R211","quantity","PARTIAL","MISSING","PARTIAL","QuickTradeActions; order components; executionService.ts; broker adapters","No meaningful implementation identified in Terminal OS for this requirement.","No safe end-to-end order UI runtime test","Complete order parameters, preview/charges and confirmation-to-server path not certified","Complete order parameters, preview/charges and confirmation-to-server path not certified","Status is based on implementation plus available runtime/test evidence; source code alone is not PASS."
"11","Trading UI","P11-R212","presets","PARTIAL","MISSING","PARTIAL","QuickTradeActions; order components; executionService.ts; broker adapters","No meaningful implementation identified in Terminal OS for this requirement.","No safe end-to-end order UI runtime test","Complete order parameters, preview/charges and confirmation-to-server path not certified","Complete order parameters, preview/charges and confirmation-to-server path not certified","Status is based on implementation plus available runtime/test evidence; source code alone is not PASS."
"11","Trading UI","P11-R213","market","PARTIAL","MISSING","PARTIAL","QuickTradeActions; order components; executionService.ts; broker adapters","No meaningful implementation identified in Terminal OS for this requirement.","No safe end-to-end order UI runtime test","Complete order parameters, preview/charges and confirmation-to-server path not certified","Complete order parameters, preview/charges and confirmation-to-server path not certified","Status is based on implementation plus available runtime/test evidence; source code alone is not PASS."
"11","Trading UI","P11-R214","limit","PARTIAL","MISSING","PARTIAL","QuickTradeActions; order components; executionService.ts; broker adapters","No meaningful implementation identified in Terminal OS for this requirement.","No safe end-to-end order UI runtime test","Complete order parameters, preview/charges and confirmation-to-server path not certified","Complete order parameters, preview/charges and confirmation-to-server path not certified","Status is based on implementation plus available runtime/test evidence; source code alone is not PASS."
"11","Trading UI","P11-R215","stop loss","PARTIAL","MISSING","PARTIAL","QuickTradeActions; order components; executionService.ts; broker adapters","No meaningful implementation identified in Terminal OS for this requirement.","No safe end-to-end order UI runtime test","Complete order parameters, preview/charges and confirmation-to-server path not certified","Complete order parameters, preview/charges and confirmation-to-server path not certified","Status is based on implementation plus available runtime/test evidence; source code alone is not PASS."
"11","Trading UI","P11-R216","SL-M","PARTIAL","MISSING","PARTIAL","QuickTradeActions; order components; executionService.ts; broker adapters","No meaningful implementation identified in Terminal OS for this requirement.","No safe end-to-end order UI runtime test","Complete order parameters, preview/charges and confirmation-to-server path not certified","Complete order parameters, preview/charges and confirmation-to-server path not certified","Status is based on implementation plus available runtime/test evidence; source code alone is not PASS."
"11","Trading UI","P11-R217","trigger price","PARTIAL","MISSING","PARTIAL","QuickTradeActions; order components; executionService.ts; broker adapters","No meaningful implementation identified in Terminal OS for this requirement.","No safe end-to-end order UI runtime test","Complete order parameters, preview/charges and confirmation-to-server path not certified","Complete order parameters, preview/charges and confirmation-to-server path not certified","Status is based on implementation plus available runtime/test evidence; source code alone is not PASS."
"11","Trading UI","P11-R218","limit price","PARTIAL","MISSING","PARTIAL","QuickTradeActions; order components; executionService.ts; broker adapters","No meaningful implementation identified in Terminal OS for this requirement.","No safe end-to-end order UI runtime test","Complete order parameters, preview/charges and confirmation-to-server path not certified","Complete order parameters, preview/charges and confirmation-to-server path not certified","Status is based on implementation plus available runtime/test evidence; source code alone is not PASS."
"11","Trading UI","P11-R219","product parameters","PARTIAL","MISSING","PARTIAL","QuickTradeActions; order components; executionService.ts; broker adapters","No meaningful implementation identified in Terminal OS for this requirement.","No safe end-to-end order UI runtime test","Complete order parameters, preview/charges and confirmation-to-server path not certified","Complete order parameters, preview/charges and confirmation-to-server path not certified","Status is based on implementation plus available runtime/test evidence; source code alone is not PASS."
"11","Trading UI","P11-R220","validity","PARTIAL","MISSING","PARTIAL","QuickTradeActions; order components; executionService.ts; broker adapters","No meaningful implementation identified in Terminal OS for this requirement.","No safe end-to-end order UI runtime test","Complete order parameters, preview/charges and confirmation-to-server path not certified","Complete order parameters, preview/charges and confirmation-to-server path not certified","Status is based on implementation plus available runtime/test evidence; source code alone is not PASS."
"11","Trading UI","P11-R221","disclosed quantity","PARTIAL","MISSING","PARTIAL","QuickTradeActions; order components; executionService.ts; broker adapters","No meaningful implementation identified in Terminal OS for this requirement.","No safe end-to-end order UI runtime test","Complete order parameters, preview/charges and confirmation-to-server path not certified","Complete order parameters, preview/charges and confirmation-to-server path not certified","Status is based on implementation plus available runtime/test evidence; source code alone is not PASS."
"11","Trading UI","P11-R222","order preview","PARTIAL","MISSING","PARTIAL","QuickTradeActions; order components; executionService.ts; broker adapters","No meaningful implementation identified in Terminal OS for this requirement.","No safe end-to-end order UI runtime test","Complete order parameters, preview/charges and confirmation-to-server path not certified","Complete order parameters, preview/charges and confirmation-to-server path not certified","Status is based on implementation plus available runtime/test evidence; source code alone is not PASS."
"11","Trading UI","P11-R223","margin preview","PARTIAL","MISSING","PARTIAL","QuickTradeActions; order components; executionService.ts; broker adapters","No meaningful implementation identified in Terminal OS for this requirement.","No safe end-to-end order UI runtime test","Complete order parameters, preview/charges and confirmation-to-server path not certified","Complete order parameters, preview/charges and confirmation-to-server path not certified","Status is based on implementation plus available runtime/test evidence; source code alone is not PASS."
"11","Trading UI","P11-R224","estimated charges","PARTIAL","MISSING","PARTIAL","QuickTradeActions; order components; executionService.ts; broker adapters","No meaningful implementation identified in Terminal OS for this requirement.","No safe end-to-end order UI runtime test","Complete order parameters, preview/charges and confirmation-to-server path not certified","Complete order parameters, preview/charges and confirmation-to-server path not certified","Status is based on implementation plus available runtime/test evidence; source code alone is not PASS."
"11","Trading UI","P11-R225","validation","PARTIAL","MISSING","PARTIAL","QuickTradeActions; order components; executionService.ts; broker adapters","No meaningful implementation identified in Terminal OS for this requirement.","No safe end-to-end order UI runtime test","Complete order parameters, preview/charges and confirmation-to-server path not certified","Complete order parameters, preview/charges and confirmation-to-server path not certified","Status is based on implementation plus available runtime/test evidence; source code alone is not PASS."
"11","Trading UI","P11-R226","rejection explanation","PARTIAL","MISSING","PARTIAL","QuickTradeActions; order components; executionService.ts; broker adapters","No meaningful implementation identified in Terminal OS for this requirement.","No safe end-to-end order UI runtime test","Complete order parameters, preview/charges and confirmation-to-server path not certified","Complete order parameters, preview/charges and confirmation-to-server path not certified","Status is based on implementation plus available runtime/test evidence; source code alone is not PASS."
"11","Trading UI","P11-R227","confirmation","PARTIAL","MISSING","PARTIAL","QuickTradeActions; order components; executionService.ts; broker adapters","No meaningful implementation identified in Terminal OS for this requirement.","No safe end-to-end order UI runtime test","Complete order parameters, preview/charges and confirmation-to-server path not certified","Complete order parameters, preview/charges and confirmation-to-server path not certified","Status is based on implementation plus available runtime/test evidence; source code alone is not PASS."
"12","Pre-Trade Risk","P12-R228","authentication","NOT VERIFIED","NOT VERIFIED","NOT VERIFIED","Customer evaluate_pre_trade_risk RPC and riskEngine.ts; Terminal OS risk services","Customer evaluate_pre_trade_risk RPC and riskEngine.ts; Terminal OS risk services","RPC probe 403 permission denied; no order lifecycle test","Cannot prove every order passes every server-side check","Cannot prove every order passes every server-side check","Status is based on implementation plus available runtime/test evidence; source code alone is not PASS."
"12","Pre-Trade Risk","P12-R229","account authorization","NOT VERIFIED","NOT VERIFIED","NOT VERIFIED","Customer evaluate_pre_trade_risk RPC and riskEngine.ts; Terminal OS risk services","Customer evaluate_pre_trade_risk RPC and riskEngine.ts; Terminal OS risk services","RPC probe 403 permission denied; no order lifecycle test","Cannot prove every order passes every server-side check","Cannot prove every order passes every server-side check","Status is based on implementation plus available runtime/test evidence; source code alone is not PASS."
"12","Pre-Trade Risk","P12-R230","instrument validation","NOT VERIFIED","NOT VERIFIED","NOT VERIFIED","Customer evaluate_pre_trade_risk RPC and riskEngine.ts; Terminal OS risk services","Customer evaluate_pre_trade_risk RPC and riskEngine.ts; Terminal OS risk services","RPC probe 403 permission denied; no order lifecycle test","Cannot prove every order passes every server-side check","Cannot prove every order passes every server-side check","Status is based on implementation plus available runtime/test evidence; source code alone is not PASS."
"12","Pre-Trade Risk","P12-R231","market status","NOT VERIFIED","NOT VERIFIED","NOT VERIFIED","Customer evaluate_pre_trade_risk RPC and riskEngine.ts; Terminal OS risk services","Customer evaluate_pre_trade_risk RPC and riskEngine.ts; Terminal OS risk services","RPC probe 403 permission denied; no order lifecycle test","Cannot prove every order passes every server-side check","Cannot prove every order passes every server-side check","Status is based on implementation plus available runtime/test evidence; source code alone is not PASS."
"12","Pre-Trade Risk","P12-R232","trading hours","NOT VERIFIED","NOT VERIFIED","NOT VERIFIED","Customer evaluate_pre_trade_risk RPC and riskEngine.ts; Terminal OS risk services","Customer evaluate_pre_trade_risk RPC and riskEngine.ts; Terminal OS risk services","RPC probe 403 permission denied; no order lifecycle test","Cannot prove every order passes every server-side check","Cannot prove every order passes every server-side check","Status is based on implementation plus available runtime/test evidence; source code alone is not PASS."
"12","Pre-Trade Risk","P12-R233","challenge rules","NOT VERIFIED","NOT VERIFIED","NOT VERIFIED","Customer evaluate_pre_trade_risk RPC and riskEngine.ts; Terminal OS risk services","Customer evaluate_pre_trade_risk RPC and riskEngine.ts; Terminal OS risk services","RPC probe 403 permission denied; no order lifecycle test","Cannot prove every order passes every server-side check","Cannot prove every order passes every server-side check","Status is based on implementation plus available runtime/test evidence; source code alone is not PASS."
"12","Pre-Trade Risk","P12-R234","position limits","NOT VERIFIED","NOT VERIFIED","NOT VERIFIED","Customer evaluate_pre_trade_risk RPC and riskEngine.ts; Terminal OS risk services","Customer evaluate_pre_trade_risk RPC and riskEngine.ts; Terminal OS risk services","RPC probe 403 permission denied; no order lifecycle test","Cannot prove every order passes every server-side check","Cannot prove every order passes every server-side check","Status is based on implementation plus available runtime/test evidence; source code alone is not PASS."
"12","Pre-Trade Risk","P12-R235","quantity limits","NOT VERIFIED","NOT VERIFIED","NOT VERIFIED","Customer evaluate_pre_trade_risk RPC and riskEngine.ts; Terminal OS risk services","Customer evaluate_pre_trade_risk RPC and riskEngine.ts; Terminal OS risk services","RPC probe 403 permission denied; no order lifecycle test","Cannot prove every order passes every server-side check","Cannot prove every order passes every server-side check","Status is based on implementation plus available runtime/test evidence; source code alone is not PASS."
"12","Pre-Trade Risk","P12-R236","margin","NOT VERIFIED","NOT VERIFIED","NOT VERIFIED","Customer evaluate_pre_trade_risk RPC and riskEngine.ts; Terminal OS risk services","Customer evaluate_pre_trade_risk RPC and riskEngine.ts; Terminal OS risk services","RPC probe 403 permission denied; no order lifecycle test","Cannot prove every order passes every server-side check","Cannot prove every order passes every server-side check","Status is based on implementation plus available runtime/test evidence; source code alone is not PASS."
"12","Pre-Trade Risk","P12-R237","drawdown","NOT VERIFIED","NOT VERIFIED","NOT VERIFIED","Customer evaluate_pre_trade_risk RPC and riskEngine.ts; Terminal OS risk services","Customer evaluate_pre_trade_risk RPC and riskEngine.ts; Terminal OS risk services","RPC probe 403 permission denied; no order lifecycle test","Cannot prove every order passes every server-side check","Cannot prove every order passes every server-side check","Status is based on implementation plus available runtime/test evidence; source code alone is not PASS."
"12","Pre-Trade Risk","P12-R238","daily loss","NOT VERIFIED","NOT VERIFIED","NOT VERIFIED","Customer evaluate_pre_trade_risk RPC and riskEngine.ts; Terminal OS risk services","Customer evaluate_pre_trade_risk RPC and riskEngine.ts; Terminal OS risk services","RPC probe 403 permission denied; no order lifecycle test","Cannot prove every order passes every server-side check","Cannot prove every order passes every server-side check","Status is based on implementation plus available runtime/test evidence; source code alone is not PASS."
"12","Pre-Trade Risk","P12-R239","exposure","NOT VERIFIED","NOT VERIFIED","NOT VERIFIED","Customer evaluate_pre_trade_risk RPC and riskEngine.ts; Terminal OS risk services","Customer evaluate_pre_trade_risk RPC and riskEngine.ts; Terminal OS risk services","RPC probe 403 permission denied; no order lifecycle test","Cannot prove every order passes every server-side check","Cannot prove every order passes every server-side check","Status is based on implementation plus available runtime/test evidence; source code alone is not PASS."
"12","Pre-Trade Risk","P12-R240","risk approval","NOT VERIFIED","NOT VERIFIED","NOT VERIFIED","Customer evaluate_pre_trade_risk RPC and riskEngine.ts; Terminal OS risk services","Customer evaluate_pre_trade_risk RPC and riskEngine.ts; Terminal OS risk services","RPC probe 403 permission denied; no order lifecycle test","Cannot prove every order passes every server-side check","Cannot prove every order passes every server-side check","Status is based on implementation plus available runtime/test evidence; source code alone is not PASS."
"12","Pre-Trade Risk","P12-R241","server-side execution","NOT VERIFIED","NOT VERIFIED","NOT VERIFIED","Customer evaluate_pre_trade_risk RPC and riskEngine.ts; Terminal OS risk services","Customer evaluate_pre_trade_risk RPC and riskEngine.ts; Terminal OS risk services","RPC probe 403 permission denied; no order lifecycle test","Cannot prove every order passes every server-side check","Cannot prove every order passes every server-side check","Status is based on implementation plus available runtime/test evidence; source code alone is not PASS."
"13","Order Management System","P13-R242","CREATED","NOT VERIFIED","NOT VERIFIED","NOT VERIFIED","Customer executionService.ts; Terminal OS server/services/orders.ts; API order routes","Customer executionService.ts; Terminal OS server/services/orders.ts; API order routes","No safe deterministic lifecycle or live order creation test","State completeness, idempotency and canonical owner are unverified","State completeness, idempotency and canonical owner are unverified","Status is based on implementation plus available runtime/test evidence; source code alone is not PASS."
"13","Order Management System","P13-R243","VALIDATING","NOT VERIFIED","NOT VERIFIED","NOT VERIFIED","Customer executionService.ts; Terminal OS server/services/orders.ts; API order routes","Customer executionService.ts; Terminal OS server/services/orders.ts; API order routes","No safe deterministic lifecycle or live order creation test","State completeness, idempotency and canonical owner are unverified","State completeness, idempotency and canonical owner are unverified","Status is based on implementation plus available runtime/test evidence; source code alone is not PASS."
"13","Order Management System","P13-R244","RISK_CHECK","NOT VERIFIED","NOT VERIFIED","NOT VERIFIED","Customer executionService.ts; Terminal OS server/services/orders.ts; API order routes","Customer executionService.ts; Terminal OS server/services/orders.ts; API order routes","No safe deterministic lifecycle or live order creation test","State completeness, idempotency and canonical owner are unverified","State completeness, idempotency and canonical owner are unverified","Status is based on implementation plus available runtime/test evidence; source code alone is not PASS."
"13","Order Management System","P13-R245","SUBMITTED","NOT VERIFIED","NOT VERIFIED","NOT VERIFIED","Customer executionService.ts; Terminal OS server/services/orders.ts; API order routes","Customer executionService.ts; Terminal OS server/services/orders.ts; API order routes","No safe deterministic lifecycle or live order creation test","State completeness, idempotency and canonical owner are unverified","State completeness, idempotency and canonical owner are unverified","Status is based on implementation plus available runtime/test evidence; source code alone is not PASS."
"13","Order Management System","P13-R246","ACKNOWLEDGED","NOT VERIFIED","NOT VERIFIED","NOT VERIFIED","Customer executionService.ts; Terminal OS server/services/orders.ts; API order routes","Customer executionService.ts; Terminal OS server/services/orders.ts; API order routes","No safe deterministic lifecycle or live order creation test","State completeness, idempotency and canonical owner are unverified","State completeness, idempotency and canonical owner are unverified","Status is based on implementation plus available runtime/test evidence; source code alone is not PASS."
"13","Order Management System","P13-R247","OPEN","NOT VERIFIED","NOT VERIFIED","NOT VERIFIED","Customer executionService.ts; Terminal OS server/services/orders.ts; API order routes","Customer executionService.ts; Terminal OS server/services/orders.ts; API order routes","No safe deterministic lifecycle or live order creation test","State completeness, idempotency and canonical owner are unverified","State completeness, idempotency and canonical owner are unverified","Status is based on implementation plus available runtime/test evidence; source code alone is not PASS."
"13","Order Management System","P13-R248","PARTIALLY_FILLED","NOT VERIFIED","NOT VERIFIED","NOT VERIFIED","Customer executionService.ts; Terminal OS server/services/orders.ts; API order routes","Customer executionService.ts; Terminal OS server/services/orders.ts; API order routes","No safe deterministic lifecycle or live order creation test","State completeness, idempotency and canonical owner are unverified","State completeness, idempotency and canonical owner are unverified","Status is based on implementation plus available runtime/test evidence; source code alone is not PASS."
"13","Order Management System","P13-R249","FILLED","NOT VERIFIED","NOT VERIFIED","NOT VERIFIED","Customer executionService.ts; Terminal OS server/services/orders.ts; API order routes","Customer executionService.ts; Terminal OS server/services/orders.ts; API order routes","No safe deterministic lifecycle or live order creation test","State completeness, idempotency and canonical owner are unverified","State completeness, idempotency and canonical owner are unverified","Status is based on implementation plus available runtime/test evidence; source code alone is not PASS."
"13","Order Management System","P13-R250","REJECTED","NOT VERIFIED","NOT VERIFIED","NOT VERIFIED","Customer executionService.ts; Terminal OS server/services/orders.ts; API order routes","Customer executionService.ts; Terminal OS server/services/orders.ts; API order routes","No safe deterministic lifecycle or live order creation test","State completeness, idempotency and canonical owner are unverified","State completeness, idempotency and canonical owner are unverified","Status is based on implementation plus available runtime/test evidence; source code alone is not PASS."
"13","Order Management System","P13-R251","CANCEL_REQUESTED","NOT VERIFIED","NOT VERIFIED","NOT VERIFIED","Customer executionService.ts; Terminal OS server/services/orders.ts; API order routes","Customer executionService.ts; Terminal OS server/services/orders.ts; API order routes","No safe deterministic lifecycle or live order creation test","State completeness, idempotency and canonical owner are unverified","State completeness, idempotency and canonical owner are unverified","Status is based on implementation plus available runtime/test evidence; source code alone is not PASS."
"13","Order Management System","P13-R252","CANCELLED","NOT VERIFIED","NOT VERIFIED","NOT VERIFIED","Customer executionService.ts; Terminal OS server/services/orders.ts; API order routes","Customer executionService.ts; Terminal OS server/services/orders.ts; API order routes","No safe deterministic lifecycle or live order creation test","State completeness, idempotency and canonical owner are unverified","State completeness, idempotency and canonical owner are unverified","Status is based on implementation plus available runtime/test evidence; source code alone is not PASS."
"13","Order Management System","P13-R253","EXPIRED","NOT VERIFIED","NOT VERIFIED","NOT VERIFIED","Customer executionService.ts; Terminal OS server/services/orders.ts; API order routes","Customer executionService.ts; Terminal OS server/services/orders.ts; API order routes","No safe deterministic lifecycle or live order creation test","State completeness, idempotency and canonical owner are unverified","State completeness, idempotency and canonical owner are unverified","Status is based on implementation plus available runtime/test evidence; source code alone is not PASS."
"13","Order Management System","P13-R254","FAILED","NOT VERIFIED","NOT VERIFIED","NOT VERIFIED","Customer executionService.ts; Terminal OS server/services/orders.ts; API order routes","Customer executionService.ts; Terminal OS server/services/orders.ts; API order routes","No safe deterministic lifecycle or live order creation test","State completeness, idempotency and canonical owner are unverified","State completeness, idempotency and canonical owner are unverified","Status is based on implementation plus available runtime/test evidence; source code alone is not PASS."
"13","Order Management System","P13-R255","PENDING_RECONCILIATION","NOT VERIFIED","NOT VERIFIED","NOT VERIFIED","Customer executionService.ts; Terminal OS server/services/orders.ts; API order routes","Customer executionService.ts; Terminal OS server/services/orders.ts; API order routes","No safe deterministic lifecycle or live order creation test","State completeness, idempotency and canonical owner are unverified","State completeness, idempotency and canonical owner are unverified","Status is based on implementation plus available runtime/test evidence; source code alone is not PASS."
"13","Order Management System","P13-R256","order ID","NOT VERIFIED","NOT VERIFIED","NOT VERIFIED","Customer executionService.ts; Terminal OS server/services/orders.ts; API order routes","Customer executionService.ts; Terminal OS server/services/orders.ts; API order routes","No safe deterministic lifecycle or live order creation test","State completeness, idempotency and canonical owner are unverified","State completeness, idempotency and canonical owner are unverified","Status is based on implementation plus available runtime/test evidence; source code alone is not PASS."
"13","Order Management System","P13-R257","client order ID","NOT VERIFIED","NOT VERIFIED","NOT VERIFIED","Customer executionService.ts; Terminal OS server/services/orders.ts; API order routes","Customer executionService.ts; Terminal OS server/services/orders.ts; API order routes","No safe deterministic lifecycle or live order creation test","State completeness, idempotency and canonical owner are unverified","State completeness, idempotency and canonical owner are unverified","Status is based on implementation plus available runtime/test evidence; source code alone is not PASS."
"13","Order Management System","P13-R258","broker order ID","NOT VERIFIED","NOT VERIFIED","NOT VERIFIED","Customer executionService.ts; Terminal OS server/services/orders.ts; API order routes","Customer executionService.ts; Terminal OS server/services/orders.ts; API order routes","No safe deterministic lifecycle or live order creation test","State completeness, idempotency and canonical owner are unverified","State completeness, idempotency and canonical owner are unverified","Status is based on implementation plus available runtime/test evidence; source code alone is not PASS."
"13","Order Management System","P13-R259","idempotency key","NOT VERIFIED","NOT VERIFIED","NOT VERIFIED","Customer executionService.ts; Terminal OS server/services/orders.ts; API order routes","Customer executionService.ts; Terminal OS server/services/orders.ts; API order routes","No safe deterministic lifecycle or live order creation test","State completeness, idempotency and canonical owner are unverified","State completeness, idempotency and canonical owner are unverified","Status is based on implementation plus available runtime/test evidence; source code alone is not PASS."
"13","Order Management System","P13-R260","timestamps","NOT VERIFIED","NOT VERIFIED","NOT VERIFIED","Customer executionService.ts; Terminal OS server/services/orders.ts; API order routes","Customer executionService.ts; Terminal OS server/services/orders.ts; API order routes","No safe deterministic lifecycle or live order creation test","State completeness, idempotency and canonical owner are unverified","State completeness, idempotency and canonical owner are unverified","Status is based on implementation plus available runtime/test evidence; source code alone is not PASS."
"13","Order Management System","P13-R261","provider","NOT VERIFIED","NOT VERIFIED","NOT VERIFIED","Customer executionService.ts; Terminal OS server/services/orders.ts; API order routes","Customer executionService.ts; Terminal OS server/services/orders.ts; API order routes","No safe deterministic lifecycle or live order creation test","State completeness, idempotency and canonical owner are unverified","State completeness, idempotency and canonical owner are unverified","Status is based on implementation plus available runtime/test evidence; source code alone is not PASS."
"13","Order Management System","P13-R262","account","NOT VERIFIED","NOT VERIFIED","NOT VERIFIED","Customer executionService.ts; Terminal OS server/services/orders.ts; API order routes","Customer executionService.ts; Terminal OS server/services/orders.ts; API order routes","No safe deterministic lifecycle or live order creation test","State completeness, idempotency and canonical owner are unverified","State completeness, idempotency and canonical owner are unverified","Status is based on implementation plus available runtime/test evidence; source code alone is not PASS."
"13","Order Management System","P13-R263","symbol","NOT VERIFIED","NOT VERIFIED","NOT VERIFIED","Customer executionService.ts; Terminal OS server/services/orders.ts; API order routes","Customer executionService.ts; Terminal OS server/services/orders.ts; API order routes","No safe deterministic lifecycle or live order creation test","State completeness, idempotency and canonical owner are unverified","State completeness, idempotency and canonical owner are unverified","Status is based on implementation plus available runtime/test evidence; source code alone is not PASS."
"13","Order Management System","P13-R264","side","NOT VERIFIED","NOT VERIFIED","NOT VERIFIED","Customer executionService.ts; Terminal OS server/services/orders.ts; API order routes","Customer executionService.ts; Terminal OS server/services/orders.ts; API order routes","No safe deterministic lifecycle or live order creation test","State completeness, idempotency and canonical owner are unverified","State completeness, idempotency and canonical owner are unverified","Status is based on implementation plus available runtime/test evidence; source code alone is not PASS."
"13","Order Management System","P13-R265","quantity","NOT VERIFIED","NOT VERIFIED","NOT VERIFIED","Customer executionService.ts; Terminal OS server/services/orders.ts; API order routes","Customer executionService.ts; Terminal OS server/services/orders.ts; API order routes","No safe deterministic lifecycle or live order creation test","State completeness, idempotency and canonical owner are unverified","State completeness, idempotency and canonical owner are unverified","Status is based on implementation plus available runtime/test evidence; source code alone is not PASS."
"13","Order Management System","P13-R266","executed quantity","NOT VERIFIED","NOT VERIFIED","NOT VERIFIED","Customer executionService.ts; Terminal OS server/services/orders.ts; API order routes","Customer executionService.ts; Terminal OS server/services/orders.ts; API order routes","No safe deterministic lifecycle or live order creation test","State completeness, idempotency and canonical owner are unverified","State completeness, idempotency and canonical owner are unverified","Status is based on implementation plus available runtime/test evidence; source code alone is not PASS."
"13","Order Management System","P13-R267","average price","NOT VERIFIED","NOT VERIFIED","NOT VERIFIED","Customer executionService.ts; Terminal OS server/services/orders.ts; API order routes","Customer executionService.ts; Terminal OS server/services/orders.ts; API order routes","No safe deterministic lifecycle or live order creation test","State completeness, idempotency and canonical owner are unverified","State completeness, idempotency and canonical owner are unverified","Status is based on implementation plus available runtime/test evidence; source code alone is not PASS."
"13","Order Management System","P13-R268","status","NOT VERIFIED","NOT VERIFIED","NOT VERIFIED","Customer executionService.ts; Terminal OS server/services/orders.ts; API order routes","Customer executionService.ts; Terminal OS server/services/orders.ts; API order routes","No safe deterministic lifecycle or live order creation test","State completeness, idempotency and canonical owner are unverified","State completeness, idempotency and canonical owner are unverified","Status is based on implementation plus available runtime/test evidence; source code alone is not PASS."
"13","Order Management System","P13-R269","rejection reason","NOT VERIFIED","NOT VERIFIED","NOT VERIFIED","Customer executionService.ts; Terminal OS server/services/orders.ts; API order routes","Customer executionService.ts; Terminal OS server/services/orders.ts; API order routes","No safe deterministic lifecycle or live order creation test","State completeness, idempotency and canonical owner are unverified","State completeness, idempotency and canonical owner are unverified","Status is based on implementation plus available runtime/test evidence; source code alone is not PASS."
"14","Execution Engine","P14-R270","placement","NOT VERIFIED","NOT VERIFIED","NOT VERIFIED","Customer broker adapters/executionService.ts; Terminal OS order routes","Customer broker adapters/executionService.ts; Terminal OS order routes","No real orders permitted and no certified paper lifecycle","Unknown broker response and retry safety not demonstrated","Unknown broker response and retry safety not demonstrated","Status is based on implementation plus available runtime/test evidence; source code alone is not PASS."
"14","Execution Engine","P14-R271","modification","NOT VERIFIED","NOT VERIFIED","NOT VERIFIED","Customer broker adapters/executionService.ts; Terminal OS order routes","Customer broker adapters/executionService.ts; Terminal OS order routes","No real orders permitted and no certified paper lifecycle","Unknown broker response and retry safety not demonstrated","Unknown broker response and retry safety not demonstrated","Status is based on implementation plus available runtime/test evidence; source code alone is not PASS."
"14","Execution Engine","P14-R272","cancellation","NOT VERIFIED","NOT VERIFIED","NOT VERIFIED","Customer broker adapters/executionService.ts; Terminal OS order routes","Customer broker adapters/executionService.ts; Terminal OS order routes","No real orders permitted and no certified paper lifecycle","Unknown broker response and retry safety not demonstrated","Unknown broker response and retry safety not demonstrated","Status is based on implementation plus available runtime/test evidence; source code alone is not PASS."
"14","Execution Engine","P14-R273","normalization","NOT VERIFIED","NOT VERIFIED","NOT VERIFIED","Customer broker adapters/executionService.ts; Terminal OS order routes","Customer broker adapters/executionService.ts; Terminal OS order routes","No real orders permitted and no certified paper lifecycle","Unknown broker response and retry safety not demonstrated","Unknown broker response and retry safety not demonstrated","Status is based on implementation plus available runtime/test evidence; source code alone is not PASS."
"14","Execution Engine","P14-R274","safe retries","NOT VERIFIED","NOT VERIFIED","NOT VERIFIED","Customer broker adapters/executionService.ts; Terminal OS order routes","Customer broker adapters/executionService.ts; Terminal OS order routes","No real orders permitted and no certified paper lifecycle","Unknown broker response and retry safety not demonstrated","Unknown broker response and retry safety not demonstrated","Status is based on implementation plus available runtime/test evidence; source code alone is not PASS."
"14","Execution Engine","P14-R275","timeout","NOT VERIFIED","NOT VERIFIED","NOT VERIFIED","Customer broker adapters/executionService.ts; Terminal OS order routes","Customer broker adapters/executionService.ts; Terminal OS order routes","No real orders permitted and no certified paper lifecycle","Unknown broker response and retry safety not demonstrated","Unknown broker response and retry safety not demonstrated","Status is based on implementation plus available runtime/test evidence; source code alone is not PASS."
"14","Execution Engine","P14-R276","unknown-order handling","NOT VERIFIED","NOT VERIFIED","NOT VERIFIED","Customer broker adapters/executionService.ts; Terminal OS order routes","Customer broker adapters/executionService.ts; Terminal OS order routes","No real orders permitted and no certified paper lifecycle","Unknown broker response and retry safety not demonstrated","Unknown broker response and retry safety not demonstrated","Status is based on implementation plus available runtime/test evidence; source code alone is not PASS."
"14","Execution Engine","P14-R277","reconciliation","NOT VERIFIED","NOT VERIFIED","NOT VERIFIED","Customer broker adapters/executionService.ts; Terminal OS order routes","Customer broker adapters/executionService.ts; Terminal OS order routes","No real orders permitted and no certified paper lifecycle","Unknown broker response and retry safety not demonstrated","Unknown broker response and retry safety not demonstrated","Status is based on implementation plus available runtime/test evidence; source code alone is not PASS."
"14","Execution Engine","P14-R278","duplicate protection","NOT VERIFIED","NOT VERIFIED","NOT VERIFIED","Customer broker adapters/executionService.ts; Terminal OS order routes","Customer broker adapters/executionService.ts; Terminal OS order routes","No real orders permitted and no certified paper lifecycle","Unknown broker response and retry safety not demonstrated","Unknown broker response and retry safety not demonstrated","Status is based on implementation plus available runtime/test evidence; source code alone is not PASS."
"15","Broker Abstraction","P15-R279","KITE auth","PARTIAL","MISSING","PARTIAL","zerodhaAdapter.ts; brokerRouter.ts; dhan/other adapter files; Terminal OS provider definitions","No meaningful implementation identified in Terminal OS for this requirement.","Customer broker tests pass; Kite instrument-master warning; no credentialed certification","Kite/Dhan/other provider runtime capabilities and entitlements not certified","Kite/Dhan/other provider runtime capabilities and entitlements not certified","Status is based on implementation plus available runtime/test evidence; source code alone is not PASS."
"15","Broker Abstraction","P15-R280","profile","PARTIAL","MISSING","PARTIAL","zerodhaAdapter.ts; brokerRouter.ts; dhan/other adapter files; Terminal OS provider definitions","No meaningful implementation identified in Terminal OS for this requirement.","Customer broker tests pass; Kite instrument-master warning; no credentialed certification","Kite/Dhan/other provider runtime capabilities and entitlements not certified","Kite/Dhan/other provider runtime capabilities and entitlements not certified","Status is based on implementation plus available runtime/test evidence; source code alone is not PASS."
"15","Broker Abstraction","P15-R281","instruments","PARTIAL","MISSING","PARTIAL","zerodhaAdapter.ts; brokerRouter.ts; dhan/other adapter files; Terminal OS provider definitions","No meaningful implementation identified in Terminal OS for this requirement.","Customer broker tests pass; Kite instrument-master warning; no credentialed certification","Kite/Dhan/other provider runtime capabilities and entitlements not certified","Kite/Dhan/other provider runtime capabilities and entitlements not certified","Status is based on implementation plus available runtime/test evidence; source code alone is not PASS."
"15","Broker Abstraction","P15-R282","quote","PARTIAL","MISSING","PARTIAL","zerodhaAdapter.ts; brokerRouter.ts; dhan/other adapter files; Terminal OS provider definitions","No meaningful implementation identified in Terminal OS for this requirement.","Customer broker tests pass; Kite instrument-master warning; no credentialed certification","Kite/Dhan/other provider runtime capabilities and entitlements not certified","Kite/Dhan/other provider runtime capabilities and entitlements not certified","Status is based on implementation plus available runtime/test evidence; source code alone is not PASS."
"15","Broker Abstraction","P15-R283","historical","PARTIAL","MISSING","PARTIAL","zerodhaAdapter.ts; brokerRouter.ts; dhan/other adapter files; Terminal OS provider definitions","No meaningful implementation identified in Terminal OS for this requirement.","Customer broker tests pass; Kite instrument-master warning; no credentialed certification","Kite/Dhan/other provider runtime capabilities and entitlements not certified","Kite/Dhan/other provider runtime capabilities and entitlements not certified","Status is based on implementation plus available runtime/test evidence; source code alone is not PASS."
"15","Broker Abstraction","P15-R284","positions","PARTIAL","MISSING","PARTIAL","zerodhaAdapter.ts; brokerRouter.ts; dhan/other adapter files; Terminal OS provider definitions","No meaningful implementation identified in Terminal OS for this requirement.","Customer broker tests pass; Kite instrument-master warning; no credentialed certification","Kite/Dhan/other provider runtime capabilities and entitlements not certified","Kite/Dhan/other provider runtime capabilities and entitlements not certified","Status is based on implementation plus available runtime/test evidence; source code alone is not PASS."
"15","Broker Abstraction","P15-R285","orders","PARTIAL","MISSING","PARTIAL","zerodhaAdapter.ts; brokerRouter.ts; dhan/other adapter files; Terminal OS provider definitions","No meaningful implementation identified in Terminal OS for this requirement.","Customer broker tests pass; Kite instrument-master warning; no credentialed certification","Kite/Dhan/other provider runtime capabilities and entitlements not certified","Kite/Dhan/other provider runtime capabilities and entitlements not certified","Status is based on implementation plus available runtime/test evidence; source code alone is not PASS."
"15","Broker Abstraction","P15-R286","order status","PARTIAL","MISSING","PARTIAL","zerodhaAdapter.ts; brokerRouter.ts; dhan/other adapter files; Terminal OS provider definitions","No meaningful implementation identified in Terminal OS for this requirement.","Customer broker tests pass; Kite instrument-master warning; no credentialed certification","Kite/Dhan/other provider runtime capabilities and entitlements not certified","Kite/Dhan/other provider runtime capabilities and entitlements not certified","Status is based on implementation plus available runtime/test evidence; source code alone is not PASS."
"15","Broker Abstraction","P15-R287","placement","PARTIAL","MISSING","PARTIAL","zerodhaAdapter.ts; brokerRouter.ts; dhan/other adapter files; Terminal OS provider definitions","No meaningful implementation identified in Terminal OS for this requirement.","Customer broker tests pass; Kite instrument-master warning; no credentialed certification","Kite/Dhan/other provider runtime capabilities and entitlements not certified","Kite/Dhan/other provider runtime capabilities and entitlements not certified","Status is based on implementation plus available runtime/test evidence; source code alone is not PASS."
"15","Broker Abstraction","P15-R288","modification","PARTIAL","MISSING","PARTIAL","zerodhaAdapter.ts; brokerRouter.ts; dhan/other adapter files; Terminal OS provider definitions","No meaningful implementation identified in Terminal OS for this requirement.","Customer broker tests pass; Kite instrument-master warning; no credentialed certification","Kite/Dhan/other provider runtime capabilities and entitlements not certified","Kite/Dhan/other provider runtime capabilities and entitlements not certified","Status is based on implementation plus available runtime/test evidence; source code alone is not PASS."
"15","Broker Abstraction","P15-R289","cancellation","PARTIAL","MISSING","PARTIAL","zerodhaAdapter.ts; brokerRouter.ts; dhan/other adapter files; Terminal OS provider definitions","No meaningful implementation identified in Terminal OS for this requirement.","Customer broker tests pass; Kite instrument-master warning; no credentialed certification","Kite/Dhan/other provider runtime capabilities and entitlements not certified","Kite/Dhan/other provider runtime capabilities and entitlements not certified","Status is based on implementation plus available runtime/test evidence; source code alone is not PASS."
"15","Broker Abstraction","P15-R290","market-data subscription","PARTIAL","MISSING","PARTIAL","zerodhaAdapter.ts; brokerRouter.ts; dhan/other adapter files; Terminal OS provider definitions","No meaningful implementation identified in Terminal OS for this requirement.","Customer broker tests pass; Kite instrument-master warning; no credentialed certification","Kite/Dhan/other provider runtime capabilities and entitlements not certified","Kite/Dhan/other provider runtime capabilities and entitlements not certified","Status is based on implementation plus available runtime/test evidence; source code alone is not PASS."
"15","Broker Abstraction","P15-R291","DHAN auth","PARTIAL","MISSING","PARTIAL","zerodhaAdapter.ts; brokerRouter.ts; dhan/other adapter files; Terminal OS provider definitions","No meaningful implementation identified in Terminal OS for this requirement.","Customer broker tests pass; Kite instrument-master warning; no credentialed certification","Kite/Dhan/other provider runtime capabilities and entitlements not certified","Kite/Dhan/other provider runtime capabilities and entitlements not certified","Status is based on implementation plus available runtime/test evidence; source code alone is not PASS."
"15","Broker Abstraction","P15-R292","profile","PARTIAL","MISSING","PARTIAL","zerodhaAdapter.ts; brokerRouter.ts; dhan/other adapter files; Terminal OS provider definitions","No meaningful implementation identified in Terminal OS for this requirement.","Customer broker tests pass; Kite instrument-master warning; no credentialed certification","Kite/Dhan/other provider runtime capabilities and entitlements not certified","Kite/Dhan/other provider runtime capabilities and entitlements not certified","Status is based on implementation plus available runtime/test evidence; source code alone is not PASS."
"15","Broker Abstraction","P15-R293","instruments","PARTIAL","MISSING","PARTIAL","zerodhaAdapter.ts; brokerRouter.ts; dhan/other adapter files; Terminal OS provider definitions","No meaningful implementation identified in Terminal OS for this requirement.","Customer broker tests pass; Kite instrument-master warning; no credentialed certification","Kite/Dhan/other provider runtime capabilities and entitlements not certified","Kite/Dhan/other provider runtime capabilities and entitlements not certified","Status is based on implementation plus available runtime/test evidence; source code alone is not PASS."
"15","Broker Abstraction","P15-R294","quote","PARTIAL","MISSING","PARTIAL","zerodhaAdapter.ts; brokerRouter.ts; dhan/other adapter files; Terminal OS provider definitions","No meaningful implementation identified in Terminal OS for this requirement.","Customer broker tests pass; Kite instrument-master warning; no credentialed certification","Kite/Dhan/other provider runtime capabilities and entitlements not certified","Kite/Dhan/other provider runtime capabilities and entitlements not certified","Status is based on implementation plus available runtime/test evidence; source code alone is not PASS."
"15","Broker Abstraction","P15-R295","historical","PARTIAL","MISSING","PARTIAL","zerodhaAdapter.ts; brokerRouter.ts; dhan/other adapter files; Terminal OS provider definitions","No meaningful implementation identified in Terminal OS for this requirement.","Customer broker tests pass; Kite instrument-master warning; no credentialed certification","Kite/Dhan/other provider runtime capabilities and entitlements not certified","Kite/Dhan/other provider runtime capabilities and entitlements not certified","Status is based on implementation plus available runtime/test evidence; source code alone is not PASS."
"15","Broker Abstraction","P15-R296","positions","PARTIAL","MISSING","PARTIAL","zerodhaAdapter.ts; brokerRouter.ts; dhan/other adapter files; Terminal OS provider definitions","No meaningful implementation identified in Terminal OS for this requirement.","Customer broker tests pass; Kite instrument-master warning; no credentialed certification","Kite/Dhan/other provider runtime capabilities and entitlements not certified","Kite/Dhan/other provider runtime capabilities and entitlements not certified","Status is based on implementation plus available runtime/test evidence; source code alone is not PASS."
"15","Broker Abstraction","P15-R297","orders","PARTIAL","MISSING","PARTIAL","zerodhaAdapter.ts; brokerRouter.ts; dhan/other adapter files; Terminal OS provider definitions","No meaningful implementation identified in Terminal OS for this requirement.","Customer broker tests pass; Kite instrument-master warning; no credentialed certification","Kite/Dhan/other provider runtime capabilities and entitlements not certified","Kite/Dhan/other provider runtime capabilities and entitlements not certified","Status is based on implementation plus available runtime/test evidence; source code alone is not PASS."
"15","Broker Abstraction","P15-R298","order status","PARTIAL","MISSING","PARTIAL","zerodhaAdapter.ts; brokerRouter.ts; dhan/other adapter files; Terminal OS provider definitions","No meaningful implementation identified in Terminal OS for this requirement.","Customer broker tests pass; Kite instrument-master warning; no credentialed certification","Kite/Dhan/other provider runtime capabilities and entitlements not certified","Kite/Dhan/other provider runtime capabilities and entitlements not certified","Status is based on implementation plus available runtime/test evidence; source code alone is not PASS."
"15","Broker Abstraction","P15-R299","placement","PARTIAL","MISSING","PARTIAL","zerodhaAdapter.ts; brokerRouter.ts; dhan/other adapter files; Terminal OS provider definitions","No meaningful implementation identified in Terminal OS for this requirement.","Customer broker tests pass; Kite instrument-master warning; no credentialed certification","Kite/Dhan/other provider runtime capabilities and entitlements not certified","Kite/Dhan/other provider runtime capabilities and entitlements not certified","Status is based on implementation plus available runtime/test evidence; source code alone is not PASS."
"15","Broker Abstraction","P15-R300","modification","PARTIAL","MISSING","PARTIAL","zerodhaAdapter.ts; brokerRouter.ts; dhan/other adapter files; Terminal OS provider definitions","No meaningful implementation identified in Terminal OS for this requirement.","Customer broker tests pass; Kite instrument-master warning; no credentialed certification","Kite/Dhan/other provider runtime capabilities and entitlements not certified","Kite/Dhan/other provider runtime capabilities and entitlements not certified","Status is based on implementation plus available runtime/test evidence; source code alone is not PASS."
"15","Broker Abstraction","P15-R301","cancellation","PARTIAL","MISSING","PARTIAL","zerodhaAdapter.ts; brokerRouter.ts; dhan/other adapter files; Terminal OS provider definitions","No meaningful implementation identified in Terminal OS for this requirement.","Customer broker tests pass; Kite instrument-master warning; no credentialed certification","Kite/Dhan/other provider runtime capabilities and entitlements not certified","Kite/Dhan/other provider runtime capabilities and entitlements not certified","Status is based on implementation plus available runtime/test evidence; source code alone is not PASS."
"15","Broker Abstraction","P15-R302","market-data subscription","PARTIAL","MISSING","PARTIAL","zerodhaAdapter.ts; brokerRouter.ts; dhan/other adapter files; Terminal OS provider definitions","No meaningful implementation identified in Terminal OS for this requirement.","Customer broker tests pass; Kite instrument-master warning; no credentialed certification","Kite/Dhan/other provider runtime capabilities and entitlements not certified","Kite/Dhan/other provider runtime capabilities and entitlements not certified","Status is based on implementation plus available runtime/test evidence; source code alone is not PASS."
"15","Broker Abstraction","P15-R303","other found adapters with same capability set","PARTIAL","MISSING","PARTIAL","zerodhaAdapter.ts; brokerRouter.ts; dhan/other adapter files; Terminal OS provider definitions","No meaningful implementation identified in Terminal OS for this requirement.","Customer broker tests pass; Kite instrument-master warning; no credentialed certification","Kite/Dhan/other provider runtime capabilities and entitlements not certified","Kite/Dhan/other provider runtime capabilities and entitlements not certified","Status is based on implementation plus available runtime/test evidence; source code alone is not PASS."
"16","Position Engine","P16-R304","position ID","PARTIAL","PARTIAL","PARTIAL","Customer positionEngine.ts; positionStore.ts; Terminal OS positions service/UI","Customer positionEngine.ts; positionStore.ts; Terminal OS positions service/UI","Position engine tests pass 9 tests; no execution-to-live-position test","Browser-local position state exists and canonical execution-derived state is not proven","Browser-local position state exists and canonical execution-derived state is not proven","Status is based on implementation plus available runtime/test evidence; source code alone is not PASS."
"16","Position Engine","P16-R305","account","PARTIAL","PARTIAL","PARTIAL","Customer positionEngine.ts; positionStore.ts; Terminal OS positions service/UI","Customer positionEngine.ts; positionStore.ts; Terminal OS positions service/UI","Position engine tests pass 9 tests; no execution-to-live-position test","Browser-local position state exists and canonical execution-derived state is not proven","Browser-local position state exists and canonical execution-derived state is not proven","Status is based on implementation plus available runtime/test evidence; source code alone is not PASS."
"16","Position Engine","P16-R306","instrument","PARTIAL","PARTIAL","PARTIAL","Customer positionEngine.ts; positionStore.ts; Terminal OS positions service/UI","Customer positionEngine.ts; positionStore.ts; Terminal OS positions service/UI","Position engine tests pass 9 tests; no execution-to-live-position test","Browser-local position state exists and canonical execution-derived state is not proven","Browser-local position state exists and canonical execution-derived state is not proven","Status is based on implementation plus available runtime/test evidence; source code alone is not PASS."
"16","Position Engine","P16-R307","net quantity","PARTIAL","PARTIAL","PARTIAL","Customer positionEngine.ts; positionStore.ts; Terminal OS positions service/UI","Customer positionEngine.ts; positionStore.ts; Terminal OS positions service/UI","Position engine tests pass 9 tests; no execution-to-live-position test","Browser-local position state exists and canonical execution-derived state is not proven","Browser-local position state exists and canonical execution-derived state is not proven","Status is based on implementation plus available runtime/test evidence; source code alone is not PASS."
"16","Position Engine","P16-R308","average price","PARTIAL","PARTIAL","PARTIAL","Customer positionEngine.ts; positionStore.ts; Terminal OS positions service/UI","Customer positionEngine.ts; positionStore.ts; Terminal OS positions service/UI","Position engine tests pass 9 tests; no execution-to-live-position test","Browser-local position state exists and canonical execution-derived state is not proven","Browser-local position state exists and canonical execution-derived state is not proven","Status is based on implementation plus available runtime/test evidence; source code alone is not PASS."
"16","Position Engine","P16-R309","buy quantity","PARTIAL","PARTIAL","PARTIAL","Customer positionEngine.ts; positionStore.ts; Terminal OS positions service/UI","Customer positionEngine.ts; positionStore.ts; Terminal OS positions service/UI","Position engine tests pass 9 tests; no execution-to-live-position test","Browser-local position state exists and canonical execution-derived state is not proven","Browser-local position state exists and canonical execution-derived state is not proven","Status is based on implementation plus available runtime/test evidence; source code alone is not PASS."
"16","Position Engine","P16-R310","sell quantity","PARTIAL","PARTIAL","PARTIAL","Customer positionEngine.ts; positionStore.ts; Terminal OS positions service/UI","Customer positionEngine.ts; positionStore.ts; Terminal OS positions service/UI","Position engine tests pass 9 tests; no execution-to-live-position test","Browser-local position state exists and canonical execution-derived state is not proven","Browser-local position state exists and canonical execution-derived state is not proven","Status is based on implementation plus available runtime/test evidence; source code alone is not PASS."
"16","Position Engine","P16-R311","realized P&L","PARTIAL","PARTIAL","PARTIAL","Customer positionEngine.ts; positionStore.ts; Terminal OS positions service/UI","Customer positionEngine.ts; positionStore.ts; Terminal OS positions service/UI","Position engine tests pass 9 tests; no execution-to-live-position test","Browser-local position state exists and canonical execution-derived state is not proven","Browser-local position state exists and canonical execution-derived state is not proven","Status is based on implementation plus available runtime/test evidence; source code alone is not PASS."
"16","Position Engine","P16-R312","unrealized P&L","PARTIAL","PARTIAL","PARTIAL","Customer positionEngine.ts; positionStore.ts; Terminal OS positions service/UI","Customer positionEngine.ts; positionStore.ts; Terminal OS positions service/UI","Position engine tests pass 9 tests; no execution-to-live-position test","Browser-local position state exists and canonical execution-derived state is not proven","Browser-local position state exists and canonical execution-derived state is not proven","Status is based on implementation plus available runtime/test evidence; source code alone is not PASS."
"16","Position Engine","P16-R313","total P&L","PARTIAL","PARTIAL","PARTIAL","Customer positionEngine.ts; positionStore.ts; Terminal OS positions service/UI","Customer positionEngine.ts; positionStore.ts; Terminal OS positions service/UI","Position engine tests pass 9 tests; no execution-to-live-position test","Browser-local position state exists and canonical execution-derived state is not proven","Browser-local position state exists and canonical execution-derived state is not proven","Status is based on implementation plus available runtime/test evidence; source code alone is not PASS."
"16","Position Engine","P16-R314","fees","PARTIAL","PARTIAL","PARTIAL","Customer positionEngine.ts; positionStore.ts; Terminal OS positions service/UI","Customer positionEngine.ts; positionStore.ts; Terminal OS positions service/UI","Position engine tests pass 9 tests; no execution-to-live-position test","Browser-local position state exists and canonical execution-derived state is not proven","Browser-local position state exists and canonical execution-derived state is not proven","Status is based on implementation plus available runtime/test evidence; source code alone is not PASS."
"16","Position Engine","P16-R315","open/closed","PARTIAL","PARTIAL","PARTIAL","Customer positionEngine.ts; positionStore.ts; Terminal OS positions service/UI","Customer positionEngine.ts; positionStore.ts; Terminal OS positions service/UI","Position engine tests pass 9 tests; no execution-to-live-position test","Browser-local position state exists and canonical execution-derived state is not proven","Browser-local position state exists and canonical execution-derived state is not proven","Status is based on implementation plus available runtime/test evidence; source code alone is not PASS."
"16","Position Engine","P16-R316","intraday","PARTIAL","PARTIAL","PARTIAL","Customer positionEngine.ts; positionStore.ts; Terminal OS positions service/UI","Customer positionEngine.ts; positionStore.ts; Terminal OS positions service/UI","Position engine tests pass 9 tests; no execution-to-live-position test","Browser-local position state exists and canonical execution-derived state is not proven","Browser-local position state exists and canonical execution-derived state is not proven","Status is based on implementation plus available runtime/test evidence; source code alone is not PASS."
"16","Position Engine","P16-R317","carry-forward","PARTIAL","PARTIAL","PARTIAL","Customer positionEngine.ts; positionStore.ts; Terminal OS positions service/UI","Customer positionEngine.ts; positionStore.ts; Terminal OS positions service/UI","Position engine tests pass 9 tests; no execution-to-live-position test","Browser-local position state exists and canonical execution-derived state is not proven","Browser-local position state exists and canonical execution-derived state is not proven","Status is based on implementation plus available runtime/test evidence; source code alone is not PASS."
"16","Position Engine","P16-R318","partial close","PARTIAL","PARTIAL","PARTIAL","Customer positionEngine.ts; positionStore.ts; Terminal OS positions service/UI","Customer positionEngine.ts; positionStore.ts; Terminal OS positions service/UI","Position engine tests pass 9 tests; no execution-to-live-position test","Browser-local position state exists and canonical execution-derived state is not proven","Browser-local position state exists and canonical execution-derived state is not proven","Status is based on implementation plus available runtime/test evidence; source code alone is not PASS."
"16","Position Engine","P16-R319","averaging","PARTIAL","PARTIAL","PARTIAL","Customer positionEngine.ts; positionStore.ts; Terminal OS positions service/UI","Customer positionEngine.ts; positionStore.ts; Terminal OS positions service/UI","Position engine tests pass 9 tests; no execution-to-live-position test","Browser-local position state exists and canonical execution-derived state is not proven","Browser-local position state exists and canonical execution-derived state is not proven","Status is based on implementation plus available runtime/test evidence; source code alone is not PASS."
"16","Position Engine","P16-R320","multiple fills","PARTIAL","PARTIAL","PARTIAL","Customer positionEngine.ts; positionStore.ts; Terminal OS positions service/UI","Customer positionEngine.ts; positionStore.ts; Terminal OS positions service/UI","Position engine tests pass 9 tests; no execution-to-live-position test","Browser-local position state exists and canonical execution-derived state is not proven","Browser-local position state exists and canonical execution-derived state is not proven","Status is based on implementation plus available runtime/test evidence; source code alone is not PASS."
"16","Position Engine","P16-R321","reversal","PARTIAL","PARTIAL","PARTIAL","Customer positionEngine.ts; positionStore.ts; Terminal OS positions service/UI","Customer positionEngine.ts; positionStore.ts; Terminal OS positions service/UI","Position engine tests pass 9 tests; no execution-to-live-position test","Browser-local position state exists and canonical execution-derived state is not proven","Browser-local position state exists and canonical execution-derived state is not proven","Status is based on implementation plus available runtime/test evidence; source code alone is not PASS."
"17","P&L","P17-R322","realized P&L","NOT VERIFIED","NOT VERIFIED","NOT VERIFIED","Customer position/risk code; Terminal OS performance service","Customer position/risk code; Terminal OS performance service","No fee/P&L production data or transaction test","Statutory and broker charge calculation is not certified","Statutory and broker charge calculation is not certified","Status is based on implementation plus available runtime/test evidence; source code alone is not PASS."
"17","P&L","P17-R323","unrealized P&L","NOT VERIFIED","NOT VERIFIED","NOT VERIFIED","Customer position/risk code; Terminal OS performance service","Customer position/risk code; Terminal OS performance service","No fee/P&L production data or transaction test","Statutory and broker charge calculation is not certified","Statutory and broker charge calculation is not certified","Status is based on implementation plus available runtime/test evidence; source code alone is not PASS."
"17","P&L","P17-R324","equity","NOT VERIFIED","NOT VERIFIED","NOT VERIFIED","Customer position/risk code; Terminal OS performance service","Customer position/risk code; Terminal OS performance service","No fee/P&L production data or transaction test","Statutory and broker charge calculation is not certified","Statutory and broker charge calculation is not certified","Status is based on implementation plus available runtime/test evidence; source code alone is not PASS."
"17","P&L","P17-R325","brokerage","NOT VERIFIED","NOT VERIFIED","NOT VERIFIED","Customer position/risk code; Terminal OS performance service","Customer position/risk code; Terminal OS performance service","No fee/P&L production data or transaction test","Statutory and broker charge calculation is not certified","Statutory and broker charge calculation is not certified","Status is based on implementation plus available runtime/test evidence; source code alone is not PASS."
"17","P&L","P17-R326","exchange charges","NOT VERIFIED","NOT VERIFIED","NOT VERIFIED","Customer position/risk code; Terminal OS performance service","Customer position/risk code; Terminal OS performance service","No fee/P&L production data or transaction test","Statutory and broker charge calculation is not certified","Statutory and broker charge calculation is not certified","Status is based on implementation plus available runtime/test evidence; source code alone is not PASS."
"17","P&L","P17-R327","GST","NOT VERIFIED","NOT VERIFIED","NOT VERIFIED","Customer position/risk code; Terminal OS performance service","Customer position/risk code; Terminal OS performance service","No fee/P&L production data or transaction test","Statutory and broker charge calculation is not certified","Statutory and broker charge calculation is not certified","Status is based on implementation plus available runtime/test evidence; source code alone is not PASS."
"17","P&L","P17-R328","STT","NOT VERIFIED","NOT VERIFIED","NOT VERIFIED","Customer position/risk code; Terminal OS performance service","Customer position/risk code; Terminal OS performance service","No fee/P&L production data or transaction test","Statutory and broker charge calculation is not certified","Statutory and broker charge calculation is not certified","Status is based on implementation plus available runtime/test evidence; source code alone is not PASS."
"17","P&L","P17-R329","stamp duty","NOT VERIFIED","NOT VERIFIED","NOT VERIFIED","Customer position/risk code; Terminal OS performance service","Customer position/risk code; Terminal OS performance service","No fee/P&L production data or transaction test","Statutory and broker charge calculation is not certified","Statutory and broker charge calculation is not certified","Status is based on implementation plus available runtime/test evidence; source code alone is not PASS."
"17","P&L","P17-R330","SEBI charges","NOT VERIFIED","NOT VERIFIED","NOT VERIFIED","Customer position/risk code; Terminal OS performance service","Customer position/risk code; Terminal OS performance service","No fee/P&L production data or transaction test","Statutory and broker charge calculation is not certified","Statutory and broker charge calculation is not certified","Status is based on implementation plus available runtime/test evidence; source code alone is not PASS."
"17","P&L","P17-R331","other fees","NOT VERIFIED","NOT VERIFIED","NOT VERIFIED","Customer position/risk code; Terminal OS performance service","Customer position/risk code; Terminal OS performance service","No fee/P&L production data or transaction test","Statutory and broker charge calculation is not certified","Statutory and broker charge calculation is not certified","Status is based on implementation plus available runtime/test evidence; source code alone is not PASS."
"18","Drawdown","P18-R332","starting balance","PARTIAL","PARTIAL","PARTIAL","Customer riskEngine.ts; Terminal OS risk services and metrics routes","Customer riskEngine.ts; Terminal OS risk services and metrics routes","Risk unit tests pass; no live daily reset/timezone/breach test","All fields and time-bound semantics not verified server-side","All fields and time-bound semantics not verified server-side","Status is based on implementation plus available runtime/test evidence; source code alone is not PASS."
"18","Drawdown","P18-R333","peak equity","PARTIAL","PARTIAL","PARTIAL","Customer riskEngine.ts; Terminal OS risk services and metrics routes","Customer riskEngine.ts; Terminal OS risk services and metrics routes","Risk unit tests pass; no live daily reset/timezone/breach test","All fields and time-bound semantics not verified server-side","All fields and time-bound semantics not verified server-side","Status is based on implementation plus available runtime/test evidence; source code alone is not PASS."
"18","Drawdown","P18-R334","current equity","PARTIAL","PARTIAL","PARTIAL","Customer riskEngine.ts; Terminal OS risk services and metrics routes","Customer riskEngine.ts; Terminal OS risk services and metrics routes","Risk unit tests pass; no live daily reset/timezone/breach test","All fields and time-bound semantics not verified server-side","All fields and time-bound semantics not verified server-side","Status is based on implementation plus available runtime/test evidence; source code alone is not PASS."
"18","Drawdown","P18-R335","daily starting equity","PARTIAL","PARTIAL","PARTIAL","Customer riskEngine.ts; Terminal OS risk services and metrics routes","Customer riskEngine.ts; Terminal OS risk services and metrics routes","Risk unit tests pass; no live daily reset/timezone/breach test","All fields and time-bound semantics not verified server-side","All fields and time-bound semantics not verified server-side","Status is based on implementation plus available runtime/test evidence; source code alone is not PASS."
"18","Drawdown","P18-R336","daily loss","PARTIAL","PARTIAL","PARTIAL","Customer riskEngine.ts; Terminal OS risk services and metrics routes","Customer riskEngine.ts; Terminal OS risk services and metrics routes","Risk unit tests pass; no live daily reset/timezone/breach test","All fields and time-bound semantics not verified server-side","All fields and time-bound semantics not verified server-side","Status is based on implementation plus available runtime/test evidence; source code alone is not PASS."
"18","Drawdown","P18-R337","total drawdown","PARTIAL","PARTIAL","PARTIAL","Customer riskEngine.ts; Terminal OS risk services and metrics routes","Customer riskEngine.ts; Terminal OS risk services and metrics routes","Risk unit tests pass; no live daily reset/timezone/breach test","All fields and time-bound semantics not verified server-side","All fields and time-bound semantics not verified server-side","Status is based on implementation plus available runtime/test evidence; source code alone is not PASS."
"18","Drawdown","P18-R338","trailing drawdown","PARTIAL","PARTIAL","PARTIAL","Customer riskEngine.ts; Terminal OS risk services and metrics routes","Customer riskEngine.ts; Terminal OS risk services and metrics routes","Risk unit tests pass; no live daily reset/timezone/breach test","All fields and time-bound semantics not verified server-side","All fields and time-bound semantics not verified server-side","Status is based on implementation plus available runtime/test evidence; source code alone is not PASS."
"18","Drawdown","P18-R339","remaining drawdown","PARTIAL","PARTIAL","PARTIAL","Customer riskEngine.ts; Terminal OS risk services and metrics routes","Customer riskEngine.ts; Terminal OS risk services and metrics routes","Risk unit tests pass; no live daily reset/timezone/breach test","All fields and time-bound semantics not verified server-side","All fields and time-bound semantics not verified server-side","Status is based on implementation plus available runtime/test evidence; source code alone is not PASS."
"18","Drawdown","P18-R340","breach threshold","PARTIAL","PARTIAL","PARTIAL","Customer riskEngine.ts; Terminal OS risk services and metrics routes","Customer riskEngine.ts; Terminal OS risk services and metrics routes","Risk unit tests pass; no live daily reset/timezone/breach test","All fields and time-bound semantics not verified server-side","All fields and time-bound semantics not verified server-side","Status is based on implementation plus available runtime/test evidence; source code alone is not PASS."
"18","Drawdown","P18-R341","realized P&L","PARTIAL","PARTIAL","PARTIAL","Customer riskEngine.ts; Terminal OS risk services and metrics routes","Customer riskEngine.ts; Terminal OS risk services and metrics routes","Risk unit tests pass; no live daily reset/timezone/breach test","All fields and time-bound semantics not verified server-side","All fields and time-bound semantics not verified server-side","Status is based on implementation plus available runtime/test evidence; source code alone is not PASS."
"18","Drawdown","P18-R342","unrealized P&L","PARTIAL","PARTIAL","PARTIAL","Customer riskEngine.ts; Terminal OS risk services and metrics routes","Customer riskEngine.ts; Terminal OS risk services and metrics routes","Risk unit tests pass; no live daily reset/timezone/breach test","All fields and time-bound semantics not verified server-side","All fields and time-bound semantics not verified server-side","Status is based on implementation plus available runtime/test evidence; source code alone is not PASS."
"18","Drawdown","P18-R343","adjustments","PARTIAL","PARTIAL","PARTIAL","Customer riskEngine.ts; Terminal OS risk services and metrics routes","Customer riskEngine.ts; Terminal OS risk services and metrics routes","Risk unit tests pass; no live daily reset/timezone/breach test","All fields and time-bound semantics not verified server-side","All fields and time-bound semantics not verified server-side","Status is based on implementation plus available runtime/test evidence; source code alone is not PASS."
"18","Drawdown","P18-R344","fees","PARTIAL","PARTIAL","PARTIAL","Customer riskEngine.ts; Terminal OS risk services and metrics routes","Customer riskEngine.ts; Terminal OS risk services and metrics routes","Risk unit tests pass; no live daily reset/timezone/breach test","All fields and time-bound semantics not verified server-side","All fields and time-bound semantics not verified server-side","Status is based on implementation plus available runtime/test evidence; source code alone is not PASS."
"18","Drawdown","P18-R345","daily reset","PARTIAL","PARTIAL","PARTIAL","Customer riskEngine.ts; Terminal OS risk services and metrics routes","Customer riskEngine.ts; Terminal OS risk services and metrics routes","Risk unit tests pass; no live daily reset/timezone/breach test","All fields and time-bound semantics not verified server-side","All fields and time-bound semantics not verified server-side","Status is based on implementation plus available runtime/test evidence; source code alone is not PASS."
"18","Drawdown","P18-R346","timezone","PARTIAL","PARTIAL","PARTIAL","Customer riskEngine.ts; Terminal OS risk services and metrics routes","Customer riskEngine.ts; Terminal OS risk services and metrics routes","Risk unit tests pass; no live daily reset/timezone/breach test","All fields and time-bound semantics not verified server-side","All fields and time-bound semantics not verified server-side","Status is based on implementation plus available runtime/test evidence; source code alone is not PASS."
"18","Drawdown","P18-R347","holidays","PARTIAL","PARTIAL","PARTIAL","Customer riskEngine.ts; Terminal OS risk services and metrics routes","Customer riskEngine.ts; Terminal OS risk services and metrics routes","Risk unit tests pass; no live daily reset/timezone/breach test","All fields and time-bound semantics not verified server-side","All fields and time-bound semantics not verified server-side","Status is based on implementation plus available runtime/test evidence; source code alone is not PASS."
"18","Drawdown","P18-R348","account state","PARTIAL","PARTIAL","PARTIAL","Customer riskEngine.ts; Terminal OS risk services and metrics routes","Customer riskEngine.ts; Terminal OS risk services and metrics routes","Risk unit tests pass; no live daily reset/timezone/breach test","All fields and time-bound semantics not verified server-side","All fields and time-bound semantics not verified server-side","Status is based on implementation plus available runtime/test evidence; source code alone is not PASS."
"19","Risk Events","P19-R349","risk rejection","PARTIAL","PARTIAL","PARTIAL","Customer risk_events migration and operations bus; Terminal OS risk_events routes","Customer risk_events migration and operations bus; Terminal OS risk_events routes","Customer tests pass; live risk_events probe 403","Immutable append-only behavior and all event triggers not certified","Immutable append-only behavior and all event triggers not certified","Status is based on implementation plus available runtime/test evidence; source code alone is not PASS."
"19","Risk Events","P19-R350","daily warning","PARTIAL","PARTIAL","PARTIAL","Customer risk_events migration and operations bus; Terminal OS risk_events routes","Customer risk_events migration and operations bus; Terminal OS risk_events routes","Customer tests pass; live risk_events probe 403","Immutable append-only behavior and all event triggers not certified","Immutable append-only behavior and all event triggers not certified","Status is based on implementation plus available runtime/test evidence; source code alone is not PASS."
"19","Risk Events","P19-R351","daily breach","PARTIAL","PARTIAL","PARTIAL","Customer risk_events migration and operations bus; Terminal OS risk_events routes","Customer risk_events migration and operations bus; Terminal OS risk_events routes","Customer tests pass; live risk_events probe 403","Immutable append-only behavior and all event triggers not certified","Immutable append-only behavior and all event triggers not certified","Status is based on implementation plus available runtime/test evidence; source code alone is not PASS."
"19","Risk Events","P19-R352","drawdown warning","PARTIAL","PARTIAL","PARTIAL","Customer risk_events migration and operations bus; Terminal OS risk_events routes","Customer risk_events migration and operations bus; Terminal OS risk_events routes","Customer tests pass; live risk_events probe 403","Immutable append-only behavior and all event triggers not certified","Immutable append-only behavior and all event triggers not certified","Status is based on implementation plus available runtime/test evidence; source code alone is not PASS."
"19","Risk Events","P19-R353","drawdown breach","PARTIAL","PARTIAL","PARTIAL","Customer risk_events migration and operations bus; Terminal OS risk_events routes","Customer risk_events migration and operations bus; Terminal OS risk_events routes","Customer tests pass; live risk_events probe 403","Immutable append-only behavior and all event triggers not certified","Immutable append-only behavior and all event triggers not certified","Status is based on implementation plus available runtime/test evidence; source code alone is not PASS."
"19","Risk Events","P19-R354","position limit","PARTIAL","PARTIAL","PARTIAL","Customer risk_events migration and operations bus; Terminal OS risk_events routes","Customer risk_events migration and operations bus; Terminal OS risk_events routes","Customer tests pass; live risk_events probe 403","Immutable append-only behavior and all event triggers not certified","Immutable append-only behavior and all event triggers not certified","Status is based on implementation plus available runtime/test evidence; source code alone is not PASS."
"19","Risk Events","P19-R355","leverage violation","PARTIAL","PARTIAL","PARTIAL","Customer risk_events migration and operations bus; Terminal OS risk_events routes","Customer risk_events migration and operations bus; Terminal OS risk_events routes","Customer tests pass; live risk_events probe 403","Immutable append-only behavior and all event triggers not certified","Immutable append-only behavior and all event triggers not certified","Status is based on implementation plus available runtime/test evidence; source code alone is not PASS."
"19","Risk Events","P19-R356","restriction","PARTIAL","PARTIAL","PARTIAL","Customer risk_events migration and operations bus; Terminal OS risk_events routes","Customer risk_events migration and operations bus; Terminal OS risk_events routes","Customer tests pass; live risk_events probe 403","Immutable append-only behavior and all event triggers not certified","Immutable append-only behavior and all event triggers not certified","Status is based on implementation plus available runtime/test evidence; source code alone is not PASS."
"19","Risk Events","P19-R357","suspension","PARTIAL","PARTIAL","PARTIAL","Customer risk_events migration and operations bus; Terminal OS risk_events routes","Customer risk_events migration and operations bus; Terminal OS risk_events routes","Customer tests pass; live risk_events probe 403","Immutable append-only behavior and all event triggers not certified","Immutable append-only behavior and all event triggers not certified","Status is based on implementation plus available runtime/test evidence; source code alone is not PASS."
"19","Risk Events","P19-R358","challenge completion","PARTIAL","PARTIAL","PARTIAL","Customer risk_events migration and operations bus; Terminal OS risk_events routes","Customer risk_events migration and operations bus; Terminal OS risk_events routes","Customer tests pass; live risk_events probe 403","Immutable append-only behavior and all event triggers not certified","Immutable append-only behavior and all event triggers not certified","Status is based on implementation plus available runtime/test evidence; source code alone is not PASS."
"19","Risk Events","P19-R359","challenge failure","PARTIAL","PARTIAL","PARTIAL","Customer risk_events migration and operations bus; Terminal OS risk_events routes","Customer risk_events migration and operations bus; Terminal OS risk_events routes","Customer tests pass; live risk_events probe 403","Immutable append-only behavior and all event triggers not certified","Immutable append-only behavior and all event triggers not certified","Status is based on implementation plus available runtime/test evidence; source code alone is not PASS."
"19","Risk Events","P19-R360","immutable event storage","PARTIAL","PARTIAL","PARTIAL","Customer risk_events migration and operations bus; Terminal OS risk_events routes","Customer risk_events migration and operations bus; Terminal OS risk_events routes","Customer tests pass; live risk_events probe 403","Immutable append-only behavior and all event triggers not certified","Immutable append-only behavior and all event triggers not certified","Status is based on implementation plus available runtime/test evidence; source code alone is not PASS."
"20","Reconciliation","P20-R361","orders","NOT VERIFIED","NOT VERIFIED","NOT VERIFIED","Terminal OS monitoring pages/services; Customer event bus and execution code","Terminal OS monitoring pages/services; Customer event bus and execution code","No reconciliation test or scheduler/event proof","No verified bidirectional reconciliation or mismatch handling","No verified bidirectional reconciliation or mismatch handling","Status is based on implementation plus available runtime/test evidence; source code alone is not PASS."
"20","Reconciliation","P20-R362","executions","NOT VERIFIED","NOT VERIFIED","NOT VERIFIED","Terminal OS monitoring pages/services; Customer event bus and execution code","Terminal OS monitoring pages/services; Customer event bus and execution code","No reconciliation test or scheduler/event proof","No verified bidirectional reconciliation or mismatch handling","No verified bidirectional reconciliation or mismatch handling","Status is based on implementation plus available runtime/test evidence; source code alone is not PASS."
"20","Reconciliation","P20-R363","positions","NOT VERIFIED","NOT VERIFIED","NOT VERIFIED","Terminal OS monitoring pages/services; Customer event bus and execution code","Terminal OS monitoring pages/services; Customer event bus and execution code","No reconciliation test or scheduler/event proof","No verified bidirectional reconciliation or mismatch handling","No verified bidirectional reconciliation or mismatch handling","Status is based on implementation plus available runtime/test evidence; source code alone is not PASS."
"20","Reconciliation","P20-R364","balances","NOT VERIFIED","NOT VERIFIED","NOT VERIFIED","Terminal OS monitoring pages/services; Customer event bus and execution code","Terminal OS monitoring pages/services; Customer event bus and execution code","No reconciliation test or scheduler/event proof","No verified bidirectional reconciliation or mismatch handling","No verified bidirectional reconciliation or mismatch handling","Status is based on implementation plus available runtime/test evidence; source code alone is not PASS."
"20","Reconciliation","P20-R365","margins","NOT VERIFIED","NOT VERIFIED","NOT VERIFIED","Terminal OS monitoring pages/services; Customer event bus and execution code","Terminal OS monitoring pages/services; Customer event bus and execution code","No reconciliation test or scheduler/event proof","No verified bidirectional reconciliation or mismatch handling","No verified bidirectional reconciliation or mismatch handling","Status is based on implementation plus available runtime/test evidence; source code alone is not PASS."
"20","Reconciliation","P20-R366","missing orders","NOT VERIFIED","NOT VERIFIED","NOT VERIFIED","Terminal OS monitoring pages/services; Customer event bus and execution code","Terminal OS monitoring pages/services; Customer event bus and execution code","No reconciliation test or scheduler/event proof","No verified bidirectional reconciliation or mismatch handling","No verified bidirectional reconciliation or mismatch handling","Status is based on implementation plus available runtime/test evidence; source code alone is not PASS."
"20","Reconciliation","P20-R367","duplicate orders","NOT VERIFIED","NOT VERIFIED","NOT VERIFIED","Terminal OS monitoring pages/services; Customer event bus and execution code","Terminal OS monitoring pages/services; Customer event bus and execution code","No reconciliation test or scheduler/event proof","No verified bidirectional reconciliation or mismatch handling","No verified bidirectional reconciliation or mismatch handling","Status is based on implementation plus available runtime/test evidence; source code alone is not PASS."
"20","Reconciliation","P20-R368","missing fills","NOT VERIFIED","NOT VERIFIED","NOT VERIFIED","Terminal OS monitoring pages/services; Customer event bus and execution code","Terminal OS monitoring pages/services; Customer event bus and execution code","No reconciliation test or scheduler/event proof","No verified bidirectional reconciliation or mismatch handling","No verified bidirectional reconciliation or mismatch handling","Status is based on implementation plus available runtime/test evidence; source code alone is not PASS."
"20","Reconciliation","P20-R369","unexpected fills","NOT VERIFIED","NOT VERIFIED","NOT VERIFIED","Terminal OS monitoring pages/services; Customer event bus and execution code","Terminal OS monitoring pages/services; Customer event bus and execution code","No reconciliation test or scheduler/event proof","No verified bidirectional reconciliation or mismatch handling","No verified bidirectional reconciliation or mismatch handling","Status is based on implementation plus available runtime/test evidence; source code alone is not PASS."
"20","Reconciliation","P20-R370","quantity mismatch","NOT VERIFIED","NOT VERIFIED","NOT VERIFIED","Terminal OS monitoring pages/services; Customer event bus and execution code","Terminal OS monitoring pages/services; Customer event bus and execution code","No reconciliation test or scheduler/event proof","No verified bidirectional reconciliation or mismatch handling","No verified bidirectional reconciliation or mismatch handling","Status is based on implementation plus available runtime/test evidence; source code alone is not PASS."
"20","Reconciliation","P20-R371","price mismatch","NOT VERIFIED","NOT VERIFIED","NOT VERIFIED","Terminal OS monitoring pages/services; Customer event bus and execution code","Terminal OS monitoring pages/services; Customer event bus and execution code","No reconciliation test or scheduler/event proof","No verified bidirectional reconciliation or mismatch handling","No verified bidirectional reconciliation or mismatch handling","Status is based on implementation plus available runtime/test evidence; source code alone is not PASS."
"20","Reconciliation","P20-R372","position mismatch","NOT VERIFIED","NOT VERIFIED","NOT VERIFIED","Terminal OS monitoring pages/services; Customer event bus and execution code","Terminal OS monitoring pages/services; Customer event bus and execution code","No reconciliation test or scheduler/event proof","No verified bidirectional reconciliation or mismatch handling","No verified bidirectional reconciliation or mismatch handling","Status is based on implementation plus available runtime/test evidence; source code alone is not PASS."
"20","Reconciliation","P20-R373","stale orders","NOT VERIFIED","NOT VERIFIED","NOT VERIFIED","Terminal OS monitoring pages/services; Customer event bus and execution code","Terminal OS monitoring pages/services; Customer event bus and execution code","No reconciliation test or scheduler/event proof","No verified bidirectional reconciliation or mismatch handling","No verified bidirectional reconciliation or mismatch handling","Status is based on implementation plus available runtime/test evidence; source code alone is not PASS."
"20","Reconciliation","P20-R374","broker/internal divergence","NOT VERIFIED","NOT VERIFIED","NOT VERIFIED","Terminal OS monitoring pages/services; Customer event bus and execution code","Terminal OS monitoring pages/services; Customer event bus and execution code","No reconciliation test or scheduler/event proof","No verified bidirectional reconciliation or mismatch handling","No verified bidirectional reconciliation or mismatch handling","Status is based on implementation plus available runtime/test evidence; source code alone is not PASS."
"20","Reconciliation","P20-R375","scheduled reconciliation","NOT VERIFIED","NOT VERIFIED","NOT VERIFIED","Terminal OS monitoring pages/services; Customer event bus and execution code","Terminal OS monitoring pages/services; Customer event bus and execution code","No reconciliation test or scheduler/event proof","No verified bidirectional reconciliation or mismatch handling","No verified bidirectional reconciliation or mismatch handling","Status is based on implementation plus available runtime/test evidence; source code alone is not PASS."
"20","Reconciliation","P20-R376","event-driven reconciliation","NOT VERIFIED","NOT VERIFIED","NOT VERIFIED","Terminal OS monitoring pages/services; Customer event bus and execution code","Terminal OS monitoring pages/services; Customer event bus and execution code","No reconciliation test or scheduler/event proof","No verified bidirectional reconciliation or mismatch handling","No verified bidirectional reconciliation or mismatch handling","Status is based on implementation plus available runtime/test evidence; source code alone is not PASS."
"21","Recovery","P21-R377","API timeout","NOT VERIFIED","NOT VERIFIED","NOT VERIFIED","Customer WebSocket/health code; Terminal OS health UI/services","Customer WebSocket/health code; Terminal OS health UI/services","WebSocket unit lifecycle only; no outage/restart integration tests","Recovery semantics and durable replay are unverified","Recovery semantics and durable replay are unverified","Status is based on implementation plus available runtime/test evidence; source code alone is not PASS."
"21","Recovery","P21-R378","broker outage","NOT VERIFIED","NOT VERIFIED","NOT VERIFIED","Customer WebSocket/health code; Terminal OS health UI/services","Customer WebSocket/health code; Terminal OS health UI/services","WebSocket unit lifecycle only; no outage/restart integration tests","Recovery semantics and durable replay are unverified","Recovery semantics and durable replay are unverified","Status is based on implementation plus available runtime/test evidence; source code alone is not PASS."
"21","Recovery","P21-R379","WebSocket disconnect","NOT VERIFIED","NOT VERIFIED","NOT VERIFIED","Customer WebSocket/health code; Terminal OS health UI/services","Customer WebSocket/health code; Terminal OS health UI/services","WebSocket unit lifecycle only; no outage/restart integration tests","Recovery semantics and durable replay are unverified","Recovery semantics and durable replay are unverified","Status is based on implementation plus available runtime/test evidence; source code alone is not PASS."
"21","Recovery","P21-R380","DB failure","NOT VERIFIED","NOT VERIFIED","NOT VERIFIED","Customer WebSocket/health code; Terminal OS health UI/services","Customer WebSocket/health code; Terminal OS health UI/services","WebSocket unit lifecycle only; no outage/restart integration tests","Recovery semantics and durable replay are unverified","Recovery semantics and durable replay are unverified","Status is based on implementation plus available runtime/test evidence; source code alone is not PASS."
"21","Recovery","P21-R381","restart","NOT VERIFIED","NOT VERIFIED","NOT VERIFIED","Customer WebSocket/health code; Terminal OS health UI/services","Customer WebSocket/health code; Terminal OS health UI/services","WebSocket unit lifecycle only; no outage/restart integration tests","Recovery semantics and durable replay are unverified","Recovery semantics and durable replay are unverified","Status is based on implementation plus available runtime/test evidence; source code alone is not PASS."
"21","Recovery","P21-R382","duplicate event","NOT VERIFIED","NOT VERIFIED","NOT VERIFIED","Customer WebSocket/health code; Terminal OS health UI/services","Customer WebSocket/health code; Terminal OS health UI/services","WebSocket unit lifecycle only; no outage/restart integration tests","Recovery semantics and durable replay are unverified","Recovery semantics and durable replay are unverified","Status is based on implementation plus available runtime/test evidence; source code alone is not PASS."
"21","Recovery","P21-R383","unknown order","NOT VERIFIED","NOT VERIFIED","NOT VERIFIED","Customer WebSocket/health code; Terminal OS health UI/services","Customer WebSocket/health code; Terminal OS health UI/services","WebSocket unit lifecycle only; no outage/restart integration tests","Recovery semantics and durable replay are unverified","Recovery semantics and durable replay are unverified","Status is based on implementation plus available runtime/test evidence; source code alone is not PASS."
"21","Recovery","P21-R384","partial fill","NOT VERIFIED","NOT VERIFIED","NOT VERIFIED","Customer WebSocket/health code; Terminal OS health UI/services","Customer WebSocket/health code; Terminal OS health UI/services","WebSocket unit lifecycle only; no outage/restart integration tests","Recovery semantics and durable replay are unverified","Recovery semantics and durable replay are unverified","Status is based on implementation plus available runtime/test evidence; source code alone is not PASS."
"21","Recovery","P21-R385","stale position","NOT VERIFIED","NOT VERIFIED","NOT VERIFIED","Customer WebSocket/health code; Terminal OS health UI/services","Customer WebSocket/health code; Terminal OS health UI/services","WebSocket unit lifecycle only; no outage/restart integration tests","Recovery semantics and durable replay are unverified","Recovery semantics and durable replay are unverified","Status is based on implementation plus available runtime/test evidence; source code alone is not PASS."
"21","Recovery","P21-R386","missing execution","NOT VERIFIED","NOT VERIFIED","NOT VERIFIED","Customer WebSocket/health code; Terminal OS health UI/services","Customer WebSocket/health code; Terminal OS health UI/services","WebSocket unit lifecycle only; no outage/restart integration tests","Recovery semantics and durable replay are unverified","Recovery semantics and durable replay are unverified","Status is based on implementation plus available runtime/test evidence; source code alone is not PASS."
"22","SL/TP","P22-R387","stop loss","NOT VERIFIED","NOT VERIFIED","NOT VERIFIED","Customer slTpEngine.ts and trading UI; Terminal OS order/position views","Customer slTpEngine.ts and trading UI; Terminal OS order/position views","No certified SL/TP broker lifecycle","Protective order ownership and duplicate/sibling handling unverified","Protective order ownership and duplicate/sibling handling unverified","Status is based on implementation plus available runtime/test evidence; source code alone is not PASS."
"22","SL/TP","P22-R388","take profit","NOT VERIFIED","NOT VERIFIED","NOT VERIFIED","Customer slTpEngine.ts and trading UI; Terminal OS order/position views","Customer slTpEngine.ts and trading UI; Terminal OS order/position views","No certified SL/TP broker lifecycle","Protective order ownership and duplicate/sibling handling unverified","Protective order ownership and duplicate/sibling handling unverified","Status is based on implementation plus available runtime/test evidence; source code alone is not PASS."
"22","SL/TP","P22-R389","trailing stop","NOT VERIFIED","NOT VERIFIED","NOT VERIFIED","Customer slTpEngine.ts and trading UI; Terminal OS order/position views","Customer slTpEngine.ts and trading UI; Terminal OS order/position views","No certified SL/TP broker lifecycle","Protective order ownership and duplicate/sibling handling unverified","Protective order ownership and duplicate/sibling handling unverified","Status is based on implementation plus available runtime/test evidence; source code alone is not PASS."
"22","SL/TP","P22-R390","modification","NOT VERIFIED","NOT VERIFIED","NOT VERIFIED","Customer slTpEngine.ts and trading UI; Terminal OS order/position views","Customer slTpEngine.ts and trading UI; Terminal OS order/position views","No certified SL/TP broker lifecycle","Protective order ownership and duplicate/sibling handling unverified","Protective order ownership and duplicate/sibling handling unverified","Status is based on implementation plus available runtime/test evidence; source code alone is not PASS."
"22","SL/TP","P22-R391","cancellation","NOT VERIFIED","NOT VERIFIED","NOT VERIFIED","Customer slTpEngine.ts and trading UI; Terminal OS order/position views","Customer slTpEngine.ts and trading UI; Terminal OS order/position views","No certified SL/TP broker lifecycle","Protective order ownership and duplicate/sibling handling unverified","Protective order ownership and duplicate/sibling handling unverified","Status is based on implementation plus available runtime/test evidence; source code alone is not PASS."
"22","SL/TP","P22-R392","partial exits","NOT VERIFIED","NOT VERIFIED","NOT VERIFIED","Customer slTpEngine.ts and trading UI; Terminal OS order/position views","Customer slTpEngine.ts and trading UI; Terminal OS order/position views","No certified SL/TP broker lifecycle","Protective order ownership and duplicate/sibling handling unverified","Protective order ownership and duplicate/sibling handling unverified","Status is based on implementation plus available runtime/test evidence; source code alone is not PASS."
"22","SL/TP","P22-R393","duplicate exit protection","NOT VERIFIED","NOT VERIFIED","NOT VERIFIED","Customer slTpEngine.ts and trading UI; Terminal OS order/position views","Customer slTpEngine.ts and trading UI; Terminal OS order/position views","No certified SL/TP broker lifecycle","Protective order ownership and duplicate/sibling handling unverified","Protective order ownership and duplicate/sibling handling unverified","Status is based on implementation plus available runtime/test evidence; source code alone is not PASS."
"22","SL/TP","P22-R394","sibling cancellation","NOT VERIFIED","NOT VERIFIED","NOT VERIFIED","Customer slTpEngine.ts and trading UI; Terminal OS order/position views","Customer slTpEngine.ts and trading UI; Terminal OS order/position views","No certified SL/TP broker lifecycle","Protective order ownership and duplicate/sibling handling unverified","Protective order ownership and duplicate/sibling handling unverified","Status is based on implementation plus available runtime/test evidence; source code alone is not PASS."
"22","SL/TP","P22-R395","protective monitoring","NOT VERIFIED","NOT VERIFIED","NOT VERIFIED","Customer slTpEngine.ts and trading UI; Terminal OS order/position views","Customer slTpEngine.ts and trading UI; Terminal OS order/position views","No certified SL/TP broker lifecycle","Protective order ownership and duplicate/sibling handling unverified","Protective order ownership and duplicate/sibling handling unverified","Status is based on implementation plus available runtime/test evidence; source code alone is not PASS."
"22","SL/TP","P22-R396","broker-native protection","NOT VERIFIED","NOT VERIFIED","NOT VERIFIED","Customer slTpEngine.ts and trading UI; Terminal OS order/position views","Customer slTpEngine.ts and trading UI; Terminal OS order/position views","No certified SL/TP broker lifecycle","Protective order ownership and duplicate/sibling handling unverified","Protective order ownership and duplicate/sibling handling unverified","Status is based on implementation plus available runtime/test evidence; source code alone is not PASS."
"23","Fees","P23-R397","configurable fee engine","MISSING","MISSING","MISSING","No verified configurable fee engine found in the two projects","No verified configurable fee engine found in the two projects","No fee engine tests","Fee schedules and versioned calculation are absent or unverified","Fee schedules and versioned calculation are absent or unverified","Status is based on implementation plus available runtime/test evidence; source code alone is not PASS."
"24","Trading Calendar","P24-R398","NSE","PARTIAL","MISSING","PARTIAL","Calendar.tsx; market API and date utilities","No meaningful implementation identified in Terminal OS for this requirement.","Build/tests only; no authoritative calendar runtime evidence","Exchange calendar source and server enforcement absent","Exchange calendar source and server enforcement absent","Status is based on implementation plus available runtime/test evidence; source code alone is not PASS."
"24","Trading Calendar","P24-R399","BSE","PARTIAL","MISSING","PARTIAL","Calendar.tsx; market API and date utilities","No meaningful implementation identified in Terminal OS for this requirement.","Build/tests only; no authoritative calendar runtime evidence","Exchange calendar source and server enforcement absent","Exchange calendar source and server enforcement absent","Status is based on implementation plus available runtime/test evidence; source code alone is not PASS."
"24","Trading Calendar","P24-R400","MCX","PARTIAL","MISSING","PARTIAL","Calendar.tsx; market API and date utilities","No meaningful implementation identified in Terminal OS for this requirement.","Build/tests only; no authoritative calendar runtime evidence","Exchange calendar source and server enforcement absent","Exchange calendar source and server enforcement absent","Status is based on implementation plus available runtime/test evidence; source code alone is not PASS."
"24","Trading Calendar","P24-R401","currency","PARTIAL","MISSING","PARTIAL","Calendar.tsx; market API and date utilities","No meaningful implementation identified in Terminal OS for this requirement.","Build/tests only; no authoritative calendar runtime evidence","Exchange calendar source and server enforcement absent","Exchange calendar source and server enforcement absent","Status is based on implementation plus available runtime/test evidence; source code alone is not PASS."
"24","Trading Calendar","P24-R402","holidays","PARTIAL","MISSING","PARTIAL","Calendar.tsx; market API and date utilities","No meaningful implementation identified in Terminal OS for this requirement.","Build/tests only; no authoritative calendar runtime evidence","Exchange calendar source and server enforcement absent","Exchange calendar source and server enforcement absent","Status is based on implementation plus available runtime/test evidence; source code alone is not PASS."
"24","Trading Calendar","P24-R403","special sessions","PARTIAL","MISSING","PARTIAL","Calendar.tsx; market API and date utilities","No meaningful implementation identified in Terminal OS for this requirement.","Build/tests only; no authoritative calendar runtime evidence","Exchange calendar source and server enforcement absent","Exchange calendar source and server enforcement absent","Status is based on implementation plus available runtime/test evidence; source code alone is not PASS."
"24","Trading Calendar","P24-R404","expiries","PARTIAL","MISSING","PARTIAL","Calendar.tsx; market API and date utilities","No meaningful implementation identified in Terminal OS for this requirement.","Build/tests only; no authoritative calendar runtime evidence","Exchange calendar source and server enforcement absent","Exchange calendar source and server enforcement absent","Status is based on implementation plus available runtime/test evidence; source code alone is not PASS."
"24","Trading Calendar","P24-R405","open","PARTIAL","MISSING","PARTIAL","Calendar.tsx; market API and date utilities","No meaningful implementation identified in Terminal OS for this requirement.","Build/tests only; no authoritative calendar runtime evidence","Exchange calendar source and server enforcement absent","Exchange calendar source and server enforcement absent","Status is based on implementation plus available runtime/test evidence; source code alone is not PASS."
"24","Trading Calendar","P24-R406","close","PARTIAL","MISSING","PARTIAL","Calendar.tsx; market API and date utilities","No meaningful implementation identified in Terminal OS for this requirement.","Build/tests only; no authoritative calendar runtime evidence","Exchange calendar source and server enforcement absent","Exchange calendar source and server enforcement absent","Status is based on implementation plus available runtime/test evidence; source code alone is not PASS."
"24","Trading Calendar","P24-R407","pre-open","PARTIAL","MISSING","PARTIAL","Calendar.tsx; market API and date utilities","No meaningful implementation identified in Terminal OS for this requirement.","Build/tests only; no authoritative calendar runtime evidence","Exchange calendar source and server enforcement absent","Exchange calendar source and server enforcement absent","Status is based on implementation plus available runtime/test evidence; source code alone is not PASS."
"24","Trading Calendar","P24-R408","post-market","PARTIAL","MISSING","PARTIAL","Calendar.tsx; market API and date utilities","No meaningful implementation identified in Terminal OS for this requirement.","Build/tests only; no authoritative calendar runtime evidence","Exchange calendar source and server enforcement absent","Exchange calendar source and server enforcement absent","Status is based on implementation plus available runtime/test evidence; source code alone is not PASS."
"24","Trading Calendar","P24-R409","Asia/Kolkata timezone","PARTIAL","MISSING","PARTIAL","Calendar.tsx; market API and date utilities","No meaningful implementation identified in Terminal OS for this requirement.","Build/tests only; no authoritative calendar runtime evidence","Exchange calendar source and server enforcement absent","Exchange calendar source and server enforcement absent","Status is based on implementation plus available runtime/test evidence; source code alone is not PASS."
"25","Customer Terminal UX","P25-R410","dashboard","PARTIAL","MISSING","PARTIAL","src/pages; components; PositionTracker.tsx; keyboard hooks","No meaningful implementation identified in Terminal OS for this requirement.","Build/tests pass; no browser verification in this audit","Every requested screen/control and live data behavior not runtime certified","Every requested screen/control and live data behavior not runtime certified","Status is based on implementation plus available runtime/test evidence; source code alone is not PASS."
"25","Customer Terminal UX","P25-R411","watchlist","PARTIAL","MISSING","PARTIAL","src/pages; components; PositionTracker.tsx; keyboard hooks","No meaningful implementation identified in Terminal OS for this requirement.","Build/tests pass; no browser verification in this audit","Every requested screen/control and live data behavior not runtime certified","Every requested screen/control and live data behavior not runtime certified","Status is based on implementation plus available runtime/test evidence; source code alone is not PASS."
"25","Customer Terminal UX","P25-R412","chart","PARTIAL","MISSING","PARTIAL","src/pages; components; PositionTracker.tsx; keyboard hooks","No meaningful implementation identified in Terminal OS for this requirement.","Build/tests pass; no browser verification in this audit","Every requested screen/control and live data behavior not runtime certified","Every requested screen/control and live data behavior not runtime certified","Status is based on implementation plus available runtime/test evidence; source code alone is not PASS."
"25","Customer Terminal UX","P25-R413","order panel","PARTIAL","MISSING","PARTIAL","src/pages; components; PositionTracker.tsx; keyboard hooks","No meaningful implementation identified in Terminal OS for this requirement.","Build/tests pass; no browser verification in this audit","Every requested screen/control and live data behavior not runtime certified","Every requested screen/control and live data behavior not runtime certified","Status is based on implementation plus available runtime/test evidence; source code alone is not PASS."
"25","Customer Terminal UX","P25-R414","positions","PARTIAL","MISSING","PARTIAL","src/pages; components; PositionTracker.tsx; keyboard hooks","No meaningful implementation identified in Terminal OS for this requirement.","Build/tests pass; no browser verification in this audit","Every requested screen/control and live data behavior not runtime certified","Every requested screen/control and live data behavior not runtime certified","Status is based on implementation plus available runtime/test evidence; source code alone is not PASS."
"25","Customer Terminal UX","P25-R415","orders","PARTIAL","MISSING","PARTIAL","src/pages; components; PositionTracker.tsx; keyboard hooks","No meaningful implementation identified in Terminal OS for this requirement.","Build/tests pass; no browser verification in this audit","Every requested screen/control and live data behavior not runtime certified","Every requested screen/control and live data behavior not runtime certified","Status is based on implementation plus available runtime/test evidence; source code alone is not PASS."
"25","Customer Terminal UX","P25-R416","executions","PARTIAL","MISSING","PARTIAL","src/pages; components; PositionTracker.tsx; keyboard hooks","No meaningful implementation identified in Terminal OS for this requirement.","Build/tests pass; no browser verification in this audit","Every requested screen/control and live data behavior not runtime certified","Every requested screen/control and live data behavior not runtime certified","Status is based on implementation plus available runtime/test evidence; source code alone is not PASS."
"25","Customer Terminal UX","P25-R417","option chain","PARTIAL","MISSING","PARTIAL","src/pages; components; PositionTracker.tsx; keyboard hooks","No meaningful implementation identified in Terminal OS for this requirement.","Build/tests pass; no browser verification in this audit","Every requested screen/control and live data behavior not runtime certified","Every requested screen/control and live data behavior not runtime certified","Status is based on implementation plus available runtime/test evidence; source code alone is not PASS."
"25","Customer Terminal UX","P25-R418","futures","PARTIAL","MISSING","PARTIAL","src/pages; components; PositionTracker.tsx; keyboard hooks","No meaningful implementation identified in Terminal OS for this requirement.","Build/tests pass; no browser verification in this audit","Every requested screen/control and live data behavior not runtime certified","Every requested screen/control and live data behavior not runtime certified","Status is based on implementation plus available runtime/test evidence; source code alone is not PASS."
"25","Customer Terminal UX","P25-R419","market depth","PARTIAL","MISSING","PARTIAL","src/pages; components; PositionTracker.tsx; keyboard hooks","No meaningful implementation identified in Terminal OS for this requirement.","Build/tests pass; no browser verification in this audit","Every requested screen/control and live data behavior not runtime certified","Every requested screen/control and live data behavior not runtime certified","Status is based on implementation plus available runtime/test evidence; source code alone is not PASS."
"25","Customer Terminal UX","P25-R420","P&L","PARTIAL","MISSING","PARTIAL","src/pages; components; PositionTracker.tsx; keyboard hooks","No meaningful implementation identified in Terminal OS for this requirement.","Build/tests pass; no browser verification in this audit","Every requested screen/control and live data behavior not runtime certified","Every requested screen/control and live data behavior not runtime certified","Status is based on implementation plus available runtime/test evidence; source code alone is not PASS."
"25","Customer Terminal UX","P25-R421","risk","PARTIAL","MISSING","PARTIAL","src/pages; components; PositionTracker.tsx; keyboard hooks","No meaningful implementation identified in Terminal OS for this requirement.","Build/tests pass; no browser verification in this audit","Every requested screen/control and live data behavior not runtime certified","Every requested screen/control and live data behavior not runtime certified","Status is based on implementation plus available runtime/test evidence; source code alone is not PASS."
"25","Customer Terminal UX","P25-R422","account","PARTIAL","MISSING","PARTIAL","src/pages; components; PositionTracker.tsx; keyboard hooks","No meaningful implementation identified in Terminal OS for this requirement.","Build/tests pass; no browser verification in this audit","Every requested screen/control and live data behavior not runtime certified","Every requested screen/control and live data behavior not runtime certified","Status is based on implementation plus available runtime/test evidence; source code alone is not PASS."
"25","Customer Terminal UX","P25-R423","trading history","PARTIAL","MISSING","PARTIAL","src/pages; components; PositionTracker.tsx; keyboard hooks","No meaningful implementation identified in Terminal OS for this requirement.","Build/tests pass; no browser verification in this audit","Every requested screen/control and live data behavior not runtime certified","Every requested screen/control and live data behavior not runtime certified","Status is based on implementation plus available runtime/test evidence; source code alone is not PASS."
"25","Customer Terminal UX","P25-R424","challenge progress","PARTIAL","MISSING","PARTIAL","src/pages; components; PositionTracker.tsx; keyboard hooks","No meaningful implementation identified in Terminal OS for this requirement.","Build/tests pass; no browser verification in this audit","Every requested screen/control and live data behavior not runtime certified","Every requested screen/control and live data behavior not runtime certified","Status is based on implementation plus available runtime/test evidence; source code alone is not PASS."
"25","Customer Terminal UX","P25-R425","settings","PARTIAL","MISSING","PARTIAL","src/pages; components; PositionTracker.tsx; keyboard hooks","No meaningful implementation identified in Terminal OS for this requirement.","Build/tests pass; no browser verification in this audit","Every requested screen/control and live data behavior not runtime certified","Every requested screen/control and live data behavior not runtime certified","Status is based on implementation plus available runtime/test evidence; source code alone is not PASS."
"25","Customer Terminal UX","P25-R426","broker connection","PARTIAL","MISSING","PARTIAL","src/pages; components; PositionTracker.tsx; keyboard hooks","No meaningful implementation identified in Terminal OS for this requirement.","Build/tests pass; no browser verification in this audit","Every requested screen/control and live data behavior not runtime certified","Every requested screen/control and live data behavior not runtime certified","Status is based on implementation plus available runtime/test evidence; source code alone is not PASS."
"25","Customer Terminal UX","P25-R427","support","PARTIAL","MISSING","PARTIAL","src/pages; components; PositionTracker.tsx; keyboard hooks","No meaningful implementation identified in Terminal OS for this requirement.","Build/tests pass; no browser verification in this audit","Every requested screen/control and live data behavior not runtime certified","Every requested screen/control and live data behavior not runtime certified","Status is based on implementation plus available runtime/test evidence; source code alone is not PASS."
"25","Customer Terminal UX","P25-R428","B/S/Esc/F shortcuts","PARTIAL","MISSING","PARTIAL","src/pages; components; PositionTracker.tsx; keyboard hooks","No meaningful implementation identified in Terminal OS for this requirement.","Build/tests pass; no browser verification in this audit","Every requested screen/control and live data behavior not runtime certified","Every requested screen/control and live data behavior not runtime certified","Status is based on implementation plus available runtime/test evidence; source code alone is not PASS."
"25","Customer Terminal UX","P25-R429","quantity controls","PARTIAL","MISSING","PARTIAL","src/pages; components; PositionTracker.tsx; keyboard hooks","No meaningful implementation identified in Terminal OS for this requirement.","Build/tests pass; no browser verification in this audit","Every requested screen/control and live data behavior not runtime certified","Every requested screen/control and live data behavior not runtime certified","Status is based on implementation plus available runtime/test evidence; source code alone is not PASS."
"25","Customer Terminal UX","P25-R430","25/50/75/100 close","PARTIAL","MISSING","PARTIAL","src/pages; components; PositionTracker.tsx; keyboard hooks","No meaningful implementation identified in Terminal OS for this requirement.","Build/tests pass; no browser verification in this audit","Every requested screen/control and live data behavior not runtime certified","Every requested screen/control and live data behavior not runtime certified","Status is based on implementation plus available runtime/test evidence; source code alone is not PASS."
"25","Customer Terminal UX","P25-R431","close","PARTIAL","MISSING","PARTIAL","src/pages; components; PositionTracker.tsx; keyboard hooks","No meaningful implementation identified in Terminal OS for this requirement.","Build/tests pass; no browser verification in this audit","Every requested screen/control and live data behavior not runtime certified","Every requested screen/control and live data behavior not runtime certified","Status is based on implementation plus available runtime/test evidence; source code alone is not PASS."
"25","Customer Terminal UX","P25-R432","modify","PARTIAL","MISSING","PARTIAL","src/pages; components; PositionTracker.tsx; keyboard hooks","No meaningful implementation identified in Terminal OS for this requirement.","Build/tests pass; no browser verification in this audit","Every requested screen/control and live data behavior not runtime certified","Every requested screen/control and live data behavior not runtime certified","Status is based on implementation plus available runtime/test evidence; source code alone is not PASS."
"25","Customer Terminal UX","P25-R433","SL","PARTIAL","MISSING","PARTIAL","src/pages; components; PositionTracker.tsx; keyboard hooks","No meaningful implementation identified in Terminal OS for this requirement.","Build/tests pass; no browser verification in this audit","Every requested screen/control and live data behavior not runtime certified","Every requested screen/control and live data behavior not runtime certified","Status is based on implementation plus available runtime/test evidence; source code alone is not PASS."
"25","Customer Terminal UX","P25-R434","TP","PARTIAL","MISSING","PARTIAL","src/pages; components; PositionTracker.tsx; keyboard hooks","No meaningful implementation identified in Terminal OS for this requirement.","Build/tests pass; no browser verification in this audit","Every requested screen/control and live data behavior not runtime certified","Every requested screen/control and live data behavior not runtime certified","Status is based on implementation plus available runtime/test evidence; source code alone is not PASS."
"25","Customer Terminal UX","P25-R435","break-even","PARTIAL","MISSING","PARTIAL","src/pages; components; PositionTracker.tsx; keyboard hooks","No meaningful implementation identified in Terminal OS for this requirement.","Build/tests pass; no browser verification in this audit","Every requested screen/control and live data behavior not runtime certified","Every requested screen/control and live data behavior not runtime certified","Status is based on implementation plus available runtime/test evidence; source code alone is not PASS."
"26","Account / Risk UI","P26-R436","balance","PARTIAL","MISSING","PARTIAL","TerminalAccountData.tsx; dashboard; risk widgets","No meaningful implementation identified in Terminal OS for this requirement.","No live account data read; trading_accounts probe 403","Displayed values may not be canonical or complete","Displayed values may not be canonical or complete","Status is based on implementation plus available runtime/test evidence; source code alone is not PASS."
"26","Account / Risk UI","P26-R437","equity","PARTIAL","MISSING","PARTIAL","TerminalAccountData.tsx; dashboard; risk widgets","No meaningful implementation identified in Terminal OS for this requirement.","No live account data read; trading_accounts probe 403","Displayed values may not be canonical or complete","Displayed values may not be canonical or complete","Status is based on implementation plus available runtime/test evidence; source code alone is not PASS."
"26","Account / Risk UI","P26-R438","available margin","PARTIAL","MISSING","PARTIAL","TerminalAccountData.tsx; dashboard; risk widgets","No meaningful implementation identified in Terminal OS for this requirement.","No live account data read; trading_accounts probe 403","Displayed values may not be canonical or complete","Displayed values may not be canonical or complete","Status is based on implementation plus available runtime/test evidence; source code alone is not PASS."
"26","Account / Risk UI","P26-R439","used margin","PARTIAL","MISSING","PARTIAL","TerminalAccountData.tsx; dashboard; risk widgets","No meaningful implementation identified in Terminal OS for this requirement.","No live account data read; trading_accounts probe 403","Displayed values may not be canonical or complete","Displayed values may not be canonical or complete","Status is based on implementation plus available runtime/test evidence; source code alone is not PASS."
"26","Account / Risk UI","P26-R440","today's P&L","PARTIAL","MISSING","PARTIAL","TerminalAccountData.tsx; dashboard; risk widgets","No meaningful implementation identified in Terminal OS for this requirement.","No live account data read; trading_accounts probe 403","Displayed values may not be canonical or complete","Displayed values may not be canonical or complete","Status is based on implementation plus available runtime/test evidence; source code alone is not PASS."
"26","Account / Risk UI","P26-R441","total P&L","PARTIAL","MISSING","PARTIAL","TerminalAccountData.tsx; dashboard; risk widgets","No meaningful implementation identified in Terminal OS for this requirement.","No live account data read; trading_accounts probe 403","Displayed values may not be canonical or complete","Displayed values may not be canonical or complete","Status is based on implementation plus available runtime/test evidence; source code alone is not PASS."
"26","Account / Risk UI","P26-R442","daily loss remaining","PARTIAL","MISSING","PARTIAL","TerminalAccountData.tsx; dashboard; risk widgets","No meaningful implementation identified in Terminal OS for this requirement.","No live account data read; trading_accounts probe 403","Displayed values may not be canonical or complete","Displayed values may not be canonical or complete","Status is based on implementation plus available runtime/test evidence; source code alone is not PASS."
"26","Account / Risk UI","P26-R443","max drawdown remaining","PARTIAL","MISSING","PARTIAL","TerminalAccountData.tsx; dashboard; risk widgets","No meaningful implementation identified in Terminal OS for this requirement.","No live account data read; trading_accounts probe 403","Displayed values may not be canonical or complete","Displayed values may not be canonical or complete","Status is based on implementation plus available runtime/test evidence; source code alone is not PASS."
"26","Account / Risk UI","P26-R444","trading status","PARTIAL","MISSING","PARTIAL","TerminalAccountData.tsx; dashboard; risk widgets","No meaningful implementation identified in Terminal OS for this requirement.","No live account data read; trading_accounts probe 403","Displayed values may not be canonical or complete","Displayed values may not be canonical or complete","Status is based on implementation plus available runtime/test evidence; source code alone is not PASS."
"26","Account / Risk UI","P26-R445","positions","PARTIAL","MISSING","PARTIAL","TerminalAccountData.tsx; dashboard; risk widgets","No meaningful implementation identified in Terminal OS for this requirement.","No live account data read; trading_accounts probe 403","Displayed values may not be canonical or complete","Displayed values may not be canonical or complete","Status is based on implementation plus available runtime/test evidence; source code alone is not PASS."
"26","Account / Risk UI","P26-R446","exposure","PARTIAL","MISSING","PARTIAL","TerminalAccountData.tsx; dashboard; risk widgets","No meaningful implementation identified in Terminal OS for this requirement.","No live account data read; trading_accounts probe 403","Displayed values may not be canonical or complete","Displayed values may not be canonical or complete","Status is based on implementation plus available runtime/test evidence; source code alone is not PASS."
"27","Terminal OS","P27-R447","customer search","MISSING","PARTIAL","PARTIAL","No meaningful implementation identified in Customer Terminal for this requirement.","app/(terminal) pages; app/api/terminal; lib/rbac/permissions.ts","Terminal OS build/type-check pass; no staff role runtime test","Operational data contracts and live controls are unverified","Operational data contracts and live controls are unverified","Status is based on implementation plus available runtime/test evidence; source code alone is not PASS."
"27","Terminal OS","P27-R448","trader search","MISSING","PARTIAL","PARTIAL","No meaningful implementation identified in Customer Terminal for this requirement.","app/(terminal) pages; app/api/terminal; lib/rbac/permissions.ts","Terminal OS build/type-check pass; no staff role runtime test","Operational data contracts and live controls are unverified","Operational data contracts and live controls are unverified","Status is based on implementation plus available runtime/test evidence; source code alone is not PASS."
"27","Terminal OS","P27-R449","account search","MISSING","PARTIAL","PARTIAL","No meaningful implementation identified in Customer Terminal for this requirement.","app/(terminal) pages; app/api/terminal; lib/rbac/permissions.ts","Terminal OS build/type-check pass; no staff role runtime test","Operational data contracts and live controls are unverified","Operational data contracts and live controls are unverified","Status is based on implementation plus available runtime/test evidence; source code alone is not PASS."
"27","Terminal OS","P27-R450","account status","MISSING","PARTIAL","PARTIAL","No meaningful implementation identified in Customer Terminal for this requirement.","app/(terminal) pages; app/api/terminal; lib/rbac/permissions.ts","Terminal OS build/type-check pass; no staff role runtime test","Operational data contracts and live controls are unverified","Operational data contracts and live controls are unverified","Status is based on implementation plus available runtime/test evidence; source code alone is not PASS."
"27","Terminal OS","P27-R451","challenge status","MISSING","PARTIAL","PARTIAL","No meaningful implementation identified in Customer Terminal for this requirement.","app/(terminal) pages; app/api/terminal; lib/rbac/permissions.ts","Terminal OS build/type-check pass; no staff role runtime test","Operational data contracts and live controls are unverified","Operational data contracts and live controls are unverified","Status is based on implementation plus available runtime/test evidence; source code alone is not PASS."
"27","Terminal OS","P27-R452","order monitoring","MISSING","PARTIAL","PARTIAL","No meaningful implementation identified in Customer Terminal for this requirement.","app/(terminal) pages; app/api/terminal; lib/rbac/permissions.ts","Terminal OS build/type-check pass; no staff role runtime test","Operational data contracts and live controls are unverified","Operational data contracts and live controls are unverified","Status is based on implementation plus available runtime/test evidence; source code alone is not PASS."
"27","Terminal OS","P27-R453","execution monitoring","MISSING","PARTIAL","PARTIAL","No meaningful implementation identified in Customer Terminal for this requirement.","app/(terminal) pages; app/api/terminal; lib/rbac/permissions.ts","Terminal OS build/type-check pass; no staff role runtime test","Operational data contracts and live controls are unverified","Operational data contracts and live controls are unverified","Status is based on implementation plus available runtime/test evidence; source code alone is not PASS."
"27","Terminal OS","P27-R454","positions","MISSING","PARTIAL","PARTIAL","No meaningful implementation identified in Customer Terminal for this requirement.","app/(terminal) pages; app/api/terminal; lib/rbac/permissions.ts","Terminal OS build/type-check pass; no staff role runtime test","Operational data contracts and live controls are unverified","Operational data contracts and live controls are unverified","Status is based on implementation plus available runtime/test evidence; source code alone is not PASS."
"27","Terminal OS","P27-R455","risk","MISSING","PARTIAL","PARTIAL","No meaningful implementation identified in Customer Terminal for this requirement.","app/(terminal) pages; app/api/terminal; lib/rbac/permissions.ts","Terminal OS build/type-check pass; no staff role runtime test","Operational data contracts and live controls are unverified","Operational data contracts and live controls are unverified","Status is based on implementation plus available runtime/test evidence; source code alone is not PASS."
"27","Terminal OS","P27-R456","breach investigation","MISSING","PARTIAL","PARTIAL","No meaningful implementation identified in Customer Terminal for this requirement.","app/(terminal) pages; app/api/terminal; lib/rbac/permissions.ts","Terminal OS build/type-check pass; no staff role runtime test","Operational data contracts and live controls are unverified","Operational data contracts and live controls are unverified","Status is based on implementation plus available runtime/test evidence; source code alone is not PASS."
"27","Terminal OS","P27-R457","reconciliation","MISSING","PARTIAL","PARTIAL","No meaningful implementation identified in Customer Terminal for this requirement.","app/(terminal) pages; app/api/terminal; lib/rbac/permissions.ts","Terminal OS build/type-check pass; no staff role runtime test","Operational data contracts and live controls are unverified","Operational data contracts and live controls are unverified","Status is based on implementation plus available runtime/test evidence; source code alone is not PASS."
"27","Terminal OS","P27-R458","broker health","MISSING","PARTIAL","PARTIAL","No meaningful implementation identified in Customer Terminal for this requirement.","app/(terminal) pages; app/api/terminal; lib/rbac/permissions.ts","Terminal OS build/type-check pass; no staff role runtime test","Operational data contracts and live controls are unverified","Operational data contracts and live controls are unverified","Status is based on implementation plus available runtime/test evidence; source code alone is not PASS."
"27","Terminal OS","P27-R459","market-data health","MISSING","PARTIAL","PARTIAL","No meaningful implementation identified in Customer Terminal for this requirement.","app/(terminal) pages; app/api/terminal; lib/rbac/permissions.ts","Terminal OS build/type-check pass; no staff role runtime test","Operational data contracts and live controls are unverified","Operational data contracts and live controls are unverified","Status is based on implementation plus available runtime/test evidence; source code alone is not PASS."
"27","Terminal OS","P27-R460","system health","MISSING","PARTIAL","PARTIAL","No meaningful implementation identified in Customer Terminal for this requirement.","app/(terminal) pages; app/api/terminal; lib/rbac/permissions.ts","Terminal OS build/type-check pass; no staff role runtime test","Operational data contracts and live controls are unverified","Operational data contracts and live controls are unverified","Status is based on implementation plus available runtime/test evidence; source code alone is not PASS."
"27","Terminal OS","P27-R461","staff roles/RBAC","MISSING","PARTIAL","PARTIAL","No meaningful implementation identified in Customer Terminal for this requirement.","app/(terminal) pages; app/api/terminal; lib/rbac/permissions.ts","Terminal OS build/type-check pass; no staff role runtime test","Operational data contracts and live controls are unverified","Operational data contracts and live controls are unverified","Status is based on implementation plus available runtime/test evidence; source code alone is not PASS."
"28","Staff Operations","P28-R462","suspension","MISSING","PARTIAL","PARTIAL","No meaningful implementation identified in Customer Terminal for this requirement.","employee/account/broker/audit routes and services","Build only; no mutation or audit-chain test","Operational actions and request IDs are not fully proven","Operational actions and request IDs are not fully proven","Status is based on implementation plus available runtime/test evidence; source code alone is not PASS."
"28","Staff Operations","P28-R463","activation","MISSING","PARTIAL","PARTIAL","No meaningful implementation identified in Customer Terminal for this requirement.","employee/account/broker/audit routes and services","Build only; no mutation or audit-chain test","Operational actions and request IDs are not fully proven","Operational actions and request IDs are not fully proven","Status is based on implementation plus available runtime/test evidence; source code alone is not PASS."
"28","Staff Operations","P28-R464","reset","MISSING","PARTIAL","PARTIAL","No meaningful implementation identified in Customer Terminal for this requirement.","employee/account/broker/audit routes and services","Build only; no mutation or audit-chain test","Operational actions and request IDs are not fully proven","Operational actions and request IDs are not fully proven","Status is based on implementation plus available runtime/test evidence; source code alone is not PASS."
"28","Staff Operations","P28-R465","challenge adjustment","MISSING","PARTIAL","PARTIAL","No meaningful implementation identified in Customer Terminal for this requirement.","employee/account/broker/audit routes and services","Build only; no mutation or audit-chain test","Operational actions and request IDs are not fully proven","Operational actions and request IDs are not fully proven","Status is based on implementation plus available runtime/test evidence; source code alone is not PASS."
"28","Staff Operations","P28-R466","payout review","MISSING","PARTIAL","PARTIAL","No meaningful implementation identified in Customer Terminal for this requirement.","employee/account/broker/audit routes and services","Build only; no mutation or audit-chain test","Operational actions and request IDs are not fully proven","Operational actions and request IDs are not fully proven","Status is based on implementation plus available runtime/test evidence; source code alone is not PASS."
"28","Staff Operations","P28-R467","breach review","MISSING","PARTIAL","PARTIAL","No meaningful implementation identified in Customer Terminal for this requirement.","employee/account/broker/audit routes and services","Build only; no mutation or audit-chain test","Operational actions and request IDs are not fully proven","Operational actions and request IDs are not fully proven","Status is based on implementation plus available runtime/test evidence; source code alone is not PASS."
"28","Staff Operations","P28-R468","manual correction","MISSING","PARTIAL","PARTIAL","No meaningful implementation identified in Customer Terminal for this requirement.","employee/account/broker/audit routes and services","Build only; no mutation or audit-chain test","Operational actions and request IDs are not fully proven","Operational actions and request IDs are not fully proven","Status is based on implementation plus available runtime/test evidence; source code alone is not PASS."
"28","Staff Operations","P28-R469","order investigation","MISSING","PARTIAL","PARTIAL","No meaningful implementation identified in Customer Terminal for this requirement.","employee/account/broker/audit routes and services","Build only; no mutation or audit-chain test","Operational actions and request IDs are not fully proven","Operational actions and request IDs are not fully proven","Status is based on implementation plus available runtime/test evidence; source code alone is not PASS."
"28","Staff Operations","P28-R470","reconciliation","MISSING","PARTIAL","PARTIAL","No meaningful implementation identified in Customer Terminal for this requirement.","employee/account/broker/audit routes and services","Build only; no mutation or audit-chain test","Operational actions and request IDs are not fully proven","Operational actions and request IDs are not fully proven","Status is based on implementation plus available runtime/test evidence; source code alone is not PASS."
"28","Staff Operations","P28-R471","support","MISSING","PARTIAL","PARTIAL","No meaningful implementation identified in Customer Terminal for this requirement.","employee/account/broker/audit routes and services","Build only; no mutation or audit-chain test","Operational actions and request IDs are not fully proven","Operational actions and request IDs are not fully proven","Status is based on implementation plus available runtime/test evidence; source code alone is not PASS."
"28","Staff Operations","P28-R472","audit review","MISSING","PARTIAL","PARTIAL","No meaningful implementation identified in Customer Terminal for this requirement.","employee/account/broker/audit routes and services","Build only; no mutation or audit-chain test","Operational actions and request IDs are not fully proven","Operational actions and request IDs are not fully proven","Status is based on implementation plus available runtime/test evidence; source code alone is not PASS."
"28","Staff Operations","P28-R473","before/after/who/when/why/request ID tracking","MISSING","PARTIAL","PARTIAL","No meaningful implementation identified in Customer Terminal for this requirement.","employee/account/broker/audit routes and services","Build only; no mutation or audit-chain test","Operational actions and request IDs are not fully proven","Operational actions and request IDs are not fully proven","Status is based on implementation plus available runtime/test evidence; source code alone is not PASS."
"29","Audit System","P29-R474","login","PARTIAL","PARTIAL","PARTIAL","Customer terminal_activity migration; Terminal OS audit/activity services","Customer terminal_activity migration; Terminal OS audit/activity services","No immutable event runtime verification","Coverage, immutability and retention are unverified","Coverage, immutability and retention are unverified","Status is based on implementation plus available runtime/test evidence; source code alone is not PASS."
"29","Audit System","P29-R475","logout","PARTIAL","PARTIAL","PARTIAL","Customer terminal_activity migration; Terminal OS audit/activity services","Customer terminal_activity migration; Terminal OS audit/activity services","No immutable event runtime verification","Coverage, immutability and retention are unverified","Coverage, immutability and retention are unverified","Status is based on implementation plus available runtime/test evidence; source code alone is not PASS."
"29","Audit System","P29-R476","auth changes","PARTIAL","PARTIAL","PARTIAL","Customer terminal_activity migration; Terminal OS audit/activity services","Customer terminal_activity migration; Terminal OS audit/activity services","No immutable event runtime verification","Coverage, immutability and retention are unverified","Coverage, immutability and retention are unverified","Status is based on implementation plus available runtime/test evidence; source code alone is not PASS."
"29","Audit System","P29-R477","account changes","PARTIAL","PARTIAL","PARTIAL","Customer terminal_activity migration; Terminal OS audit/activity services","Customer terminal_activity migration; Terminal OS audit/activity services","No immutable event runtime verification","Coverage, immutability and retention are unverified","Coverage, immutability and retention are unverified","Status is based on implementation plus available runtime/test evidence; source code alone is not PASS."
"29","Audit System","P29-R478","order requests","PARTIAL","PARTIAL","PARTIAL","Customer terminal_activity migration; Terminal OS audit/activity services","Customer terminal_activity migration; Terminal OS audit/activity services","No immutable event runtime verification","Coverage, immutability and retention are unverified","Coverage, immutability and retention are unverified","Status is based on implementation plus available runtime/test evidence; source code alone is not PASS."
"29","Audit System","P29-R479","order state changes","PARTIAL","PARTIAL","PARTIAL","Customer terminal_activity migration; Terminal OS audit/activity services","Customer terminal_activity migration; Terminal OS audit/activity services","No immutable event runtime verification","Coverage, immutability and retention are unverified","Coverage, immutability and retention are unverified","Status is based on implementation plus available runtime/test evidence; source code alone is not PASS."
"29","Audit System","P29-R480","executions","PARTIAL","PARTIAL","PARTIAL","Customer terminal_activity migration; Terminal OS audit/activity services","Customer terminal_activity migration; Terminal OS audit/activity services","No immutable event runtime verification","Coverage, immutability and retention are unverified","Coverage, immutability and retention are unverified","Status is based on implementation plus available runtime/test evidence; source code alone is not PASS."
"29","Audit System","P29-R481","risk","PARTIAL","PARTIAL","PARTIAL","Customer terminal_activity migration; Terminal OS audit/activity services","Customer terminal_activity migration; Terminal OS audit/activity services","No immutable event runtime verification","Coverage, immutability and retention are unverified","Coverage, immutability and retention are unverified","Status is based on implementation plus available runtime/test evidence; source code alone is not PASS."
"29","Audit System","P29-R482","staff actions","PARTIAL","PARTIAL","PARTIAL","Customer terminal_activity migration; Terminal OS audit/activity services","Customer terminal_activity migration; Terminal OS audit/activity services","No immutable event runtime verification","Coverage, immutability and retention are unverified","Coverage, immutability and retention are unverified","Status is based on implementation plus available runtime/test evidence; source code alone is not PASS."
"29","Audit System","P29-R483","payouts","PARTIAL","PARTIAL","PARTIAL","Customer terminal_activity migration; Terminal OS audit/activity services","Customer terminal_activity migration; Terminal OS audit/activity services","No immutable event runtime verification","Coverage, immutability and retention are unverified","Coverage, immutability and retention are unverified","Status is based on implementation plus available runtime/test evidence; source code alone is not PASS."
"29","Audit System","P29-R484","manual adjustments","PARTIAL","PARTIAL","PARTIAL","Customer terminal_activity migration; Terminal OS audit/activity services","Customer terminal_activity migration; Terminal OS audit/activity services","No immutable event runtime verification","Coverage, immutability and retention are unverified","Coverage, immutability and retention are unverified","Status is based on implementation plus available runtime/test evidence; source code alone is not PASS."
"29","Audit System","P29-R485","configuration","PARTIAL","PARTIAL","PARTIAL","Customer terminal_activity migration; Terminal OS audit/activity services","Customer terminal_activity migration; Terminal OS audit/activity services","No immutable event runtime verification","Coverage, immutability and retention are unverified","Coverage, immutability and retention are unverified","Status is based on implementation plus available runtime/test evidence; source code alone is not PASS."
"29","Audit System","P29-R486","broker changes","PARTIAL","PARTIAL","PARTIAL","Customer terminal_activity migration; Terminal OS audit/activity services","Customer terminal_activity migration; Terminal OS audit/activity services","No immutable event runtime verification","Coverage, immutability and retention are unverified","Coverage, immutability and retention are unverified","Status is based on implementation plus available runtime/test evidence; source code alone is not PASS."
"30","Broker Credential Management","P30-R487","localStorage","PARTIAL","PARTIAL","PARTIAL","Customer browser auth/local position store; Terminal OS server-only broker encryption code and headers","Customer browser auth/local position store; Terminal OS server-only broker encryption code and headers","No secret exposure test or rotation/revocation test","Credential lifecycle and deployed log/bundle controls not certified","Credential lifecycle and deployed log/bundle controls not certified","Status is based on implementation plus available runtime/test evidence; source code alone is not PASS."
"30","Broker Credential Management","P30-R488","sessionStorage","PARTIAL","PARTIAL","PARTIAL","Customer browser auth/local position store; Terminal OS server-only broker encryption code and headers","Customer browser auth/local position store; Terminal OS server-only broker encryption code and headers","No secret exposure test or rotation/revocation test","Credential lifecycle and deployed log/bundle controls not certified","Credential lifecycle and deployed log/bundle controls not certified","Status is based on implementation plus available runtime/test evidence; source code alone is not PASS."
"30","Broker Credential Management","P30-R489","frontend source","PARTIAL","PARTIAL","PARTIAL","Customer browser auth/local position store; Terminal OS server-only broker encryption code and headers","Customer browser auth/local position store; Terminal OS server-only broker encryption code and headers","No secret exposure test or rotation/revocation test","Credential lifecycle and deployed log/bundle controls not certified","Credential lifecycle and deployed log/bundle controls not certified","Status is based on implementation plus available runtime/test evidence; source code alone is not PASS."
"30","Broker Credential Management","P30-R490","URLs","PARTIAL","PARTIAL","PARTIAL","Customer browser auth/local position store; Terminal OS server-only broker encryption code and headers","Customer browser auth/local position store; Terminal OS server-only broker encryption code and headers","No secret exposure test or rotation/revocation test","Credential lifecycle and deployed log/bundle controls not certified","Credential lifecycle and deployed log/bundle controls not certified","Status is based on implementation plus available runtime/test evidence; source code alone is not PASS."
"30","Broker Credential Management","P30-R491","logs","PARTIAL","PARTIAL","PARTIAL","Customer browser auth/local position store; Terminal OS server-only broker encryption code and headers","Customer browser auth/local position store; Terminal OS server-only broker encryption code and headers","No secret exposure test or rotation/revocation test","Credential lifecycle and deployed log/bundle controls not certified","Credential lifecycle and deployed log/bundle controls not certified","Status is based on implementation plus available runtime/test evidence; source code alone is not PASS."
"30","Broker Credential Management","P30-R492","analytics","PARTIAL","PARTIAL","PARTIAL","Customer browser auth/local position store; Terminal OS server-only broker encryption code and headers","Customer browser auth/local position store; Terminal OS server-only broker encryption code and headers","No secret exposure test or rotation/revocation test","Credential lifecycle and deployed log/bundle controls not certified","Credential lifecycle and deployed log/bundle controls not certified","Status is based on implementation plus available runtime/test evidence; source code alone is not PASS."
"30","Broker Credential Management","P30-R493","cookies","PARTIAL","PARTIAL","PARTIAL","Customer browser auth/local position store; Terminal OS server-only broker encryption code and headers","Customer browser auth/local position store; Terminal OS server-only broker encryption code and headers","No secret exposure test or rotation/revocation test","Credential lifecycle and deployed log/bundle controls not certified","Credential lifecycle and deployed log/bundle controls not certified","Status is based on implementation plus available runtime/test evidence; source code alone is not PASS."
"30","Broker Credential Management","P30-R494","server encryption","PARTIAL","PARTIAL","PARTIAL","Customer browser auth/local position store; Terminal OS server-only broker encryption code and headers","Customer browser auth/local position store; Terminal OS server-only broker encryption code and headers","No secret exposure test or rotation/revocation test","Credential lifecycle and deployed log/bundle controls not certified","Credential lifecycle and deployed log/bundle controls not certified","Status is based on implementation plus available runtime/test evidence; source code alone is not PASS."
"30","Broker Credential Management","P30-R495","key management","PARTIAL","PARTIAL","PARTIAL","Customer browser auth/local position store; Terminal OS server-only broker encryption code and headers","Customer browser auth/local position store; Terminal OS server-only broker encryption code and headers","No secret exposure test or rotation/revocation test","Credential lifecycle and deployed log/bundle controls not certified","Credential lifecycle and deployed log/bundle controls not certified","Status is based on implementation plus available runtime/test evidence; source code alone is not PASS."
"30","Broker Credential Management","P30-R496","expiry","PARTIAL","PARTIAL","PARTIAL","Customer browser auth/local position store; Terminal OS server-only broker encryption code and headers","Customer browser auth/local position store; Terminal OS server-only broker encryption code and headers","No secret exposure test or rotation/revocation test","Credential lifecycle and deployed log/bundle controls not certified","Credential lifecycle and deployed log/bundle controls not certified","Status is based on implementation plus available runtime/test evidence; source code alone is not PASS."
"30","Broker Credential Management","P30-R497","rotation","PARTIAL","PARTIAL","PARTIAL","Customer browser auth/local position store; Terminal OS server-only broker encryption code and headers","Customer browser auth/local position store; Terminal OS server-only broker encryption code and headers","No secret exposure test or rotation/revocation test","Credential lifecycle and deployed log/bundle controls not certified","Credential lifecycle and deployed log/bundle controls not certified","Status is based on implementation plus available runtime/test evidence; source code alone is not PASS."
"30","Broker Credential Management","P30-R498","revocation","PARTIAL","PARTIAL","PARTIAL","Customer browser auth/local position store; Terminal OS server-only broker encryption code and headers","Customer browser auth/local position store; Terminal OS server-only broker encryption code and headers","No secret exposure test or rotation/revocation test","Credential lifecycle and deployed log/bundle controls not certified","Credential lifecycle and deployed log/bundle controls not certified","Status is based on implementation plus available runtime/test evidence; source code alone is not PASS."
"30","Broker Credential Management","P30-R499","masking","PARTIAL","PARTIAL","PARTIAL","Customer browser auth/local position store; Terminal OS server-only broker encryption code and headers","Customer browser auth/local position store; Terminal OS server-only broker encryption code and headers","No secret exposure test or rotation/revocation test","Credential lifecycle and deployed log/bundle controls not certified","Credential lifecycle and deployed log/bundle controls not certified","Status is based on implementation plus available runtime/test evidence; source code alone is not PASS."
"31","Kite OAuth","P31-R500","backend login","NOT VERIFIED","MISSING","NOT VERIFIED","Kite adapter/configuration surfaces; no verified OAuth callback route found","No meaningful implementation identified in Terminal OS for this requirement.","No OAuth runtime test","OAuth flow and token lifecycle are not certified","OAuth flow and token lifecycle are not certified","Status is based on implementation plus available runtime/test evidence; source code alone is not PASS."
"31","Kite OAuth","P31-R501","callback","NOT VERIFIED","MISSING","NOT VERIFIED","Kite adapter/configuration surfaces; no verified OAuth callback route found","No meaningful implementation identified in Terminal OS for this requirement.","No OAuth runtime test","OAuth flow and token lifecycle are not certified","OAuth flow and token lifecycle are not certified","Status is based on implementation plus available runtime/test evidence; source code alone is not PASS."
"31","Kite OAuth","P31-R502","state validation","NOT VERIFIED","MISSING","NOT VERIFIED","Kite adapter/configuration surfaces; no verified OAuth callback route found","No meaningful implementation identified in Terminal OS for this requirement.","No OAuth runtime test","OAuth flow and token lifecycle are not certified","OAuth flow and token lifecycle are not certified","Status is based on implementation plus available runtime/test evidence; source code alone is not PASS."
"31","Kite OAuth","P31-R503","token exchange","NOT VERIFIED","MISSING","NOT VERIFIED","Kite adapter/configuration surfaces; no verified OAuth callback route found","No meaningful implementation identified in Terminal OS for this requirement.","No OAuth runtime test","OAuth flow and token lifecycle are not certified","OAuth flow and token lifecycle are not certified","Status is based on implementation plus available runtime/test evidence; source code alone is not PASS."
"31","Kite OAuth","P31-R504","encrypted storage","NOT VERIFIED","MISSING","NOT VERIFIED","Kite adapter/configuration surfaces; no verified OAuth callback route found","No meaningful implementation identified in Terminal OS for this requirement.","No OAuth runtime test","OAuth flow and token lifecycle are not certified","OAuth flow and token lifecycle are not certified","Status is based on implementation plus available runtime/test evidence; source code alone is not PASS."
"31","Kite OAuth","P31-R505","session","NOT VERIFIED","MISSING","NOT VERIFIED","Kite adapter/configuration surfaces; no verified OAuth callback route found","No meaningful implementation identified in Terminal OS for this requirement.","No OAuth runtime test","OAuth flow and token lifecycle are not certified","OAuth flow and token lifecycle are not certified","Status is based on implementation plus available runtime/test evidence; source code alone is not PASS."
"31","Kite OAuth","P31-R506","HTTPS readiness","NOT VERIFIED","MISSING","NOT VERIFIED","Kite adapter/configuration surfaces; no verified OAuth callback route found","No meaningful implementation identified in Terminal OS for this requirement.","No OAuth runtime test","OAuth flow and token lifecycle are not certified","OAuth flow and token lifecycle are not certified","Status is based on implementation plus available runtime/test evidence; source code alone is not PASS."
"31","Kite OAuth","P31-R507","expiry","NOT VERIFIED","MISSING","NOT VERIFIED","Kite adapter/configuration surfaces; no verified OAuth callback route found","No meaningful implementation identified in Terminal OS for this requirement.","No OAuth runtime test","OAuth flow and token lifecycle are not certified","OAuth flow and token lifecycle are not certified","Status is based on implementation plus available runtime/test evidence; source code alone is not PASS."
"31","Kite OAuth","P31-R508","revocation","NOT VERIFIED","MISSING","NOT VERIFIED","Kite adapter/configuration surfaces; no verified OAuth callback route found","No meaningful implementation identified in Terminal OS for this requirement.","No OAuth runtime test","OAuth flow and token lifecycle are not certified","OAuth flow and token lifecycle are not certified","Status is based on implementation plus available runtime/test evidence; source code alone is not PASS."
"31","Kite OAuth","P31-R509","reconnect","NOT VERIFIED","MISSING","NOT VERIFIED","Kite adapter/configuration surfaces; no verified OAuth callback route found","No meaningful implementation identified in Terminal OS for this requirement.","No OAuth runtime test","OAuth flow and token lifecycle are not certified","OAuth flow and token lifecycle are not certified","Status is based on implementation plus available runtime/test evidence; source code alone is not PASS."
"31","Kite OAuth","P31-R510","broker status","NOT VERIFIED","MISSING","NOT VERIFIED","Kite adapter/configuration surfaces; no verified OAuth callback route found","No meaningful implementation identified in Terminal OS for this requirement.","No OAuth runtime test","OAuth flow and token lifecycle are not certified","OAuth flow and token lifecycle are not certified","Status is based on implementation plus available runtime/test evidence; source code alone is not PASS."
"32","Market Data Caching","P32-R511","LTP","PARTIAL","MISSING","PARTIAL","marketDataState.ts; local cache; provider health tables/services","No meaningful implementation identified in Terminal OS for this requirement.","Unit tests pass; no production cache metrics","TTL, invalidation, fallback and memory limits not verified","TTL, invalidation, fallback and memory limits not verified","Status is based on implementation plus available runtime/test evidence; source code alone is not PASS."
"32","Market Data Caching","P32-R512","quotes","PARTIAL","MISSING","PARTIAL","marketDataState.ts; local cache; provider health tables/services","No meaningful implementation identified in Terminal OS for this requirement.","Unit tests pass; no production cache metrics","TTL, invalidation, fallback and memory limits not verified","TTL, invalidation, fallback and memory limits not verified","Status is based on implementation plus available runtime/test evidence; source code alone is not PASS."
"32","Market Data Caching","P32-R513","instruments","PARTIAL","MISSING","PARTIAL","marketDataState.ts; local cache; provider health tables/services","No meaningful implementation identified in Terminal OS for this requirement.","Unit tests pass; no production cache metrics","TTL, invalidation, fallback and memory limits not verified","TTL, invalidation, fallback and memory limits not verified","Status is based on implementation plus available runtime/test evidence; source code alone is not PASS."
"32","Market Data Caching","P32-R514","option chains","PARTIAL","MISSING","PARTIAL","marketDataState.ts; local cache; provider health tables/services","No meaningful implementation identified in Terminal OS for this requirement.","Unit tests pass; no production cache metrics","TTL, invalidation, fallback and memory limits not verified","TTL, invalidation, fallback and memory limits not verified","Status is based on implementation plus available runtime/test evidence; source code alone is not PASS."
"32","Market Data Caching","P32-R515","market status","PARTIAL","MISSING","PARTIAL","marketDataState.ts; local cache; provider health tables/services","No meaningful implementation identified in Terminal OS for this requirement.","Unit tests pass; no production cache metrics","TTL, invalidation, fallback and memory limits not verified","TTL, invalidation, fallback and memory limits not verified","Status is based on implementation plus available runtime/test evidence; source code alone is not PASS."
"32","Market Data Caching","P32-R516","provider health","PARTIAL","MISSING","PARTIAL","marketDataState.ts; local cache; provider health tables/services","No meaningful implementation identified in Terminal OS for this requirement.","Unit tests pass; no production cache metrics","TTL, invalidation, fallback and memory limits not verified","TTL, invalidation, fallback and memory limits not verified","Status is based on implementation plus available runtime/test evidence; source code alone is not PASS."
"32","Market Data Caching","P32-R517","TTL","PARTIAL","MISSING","PARTIAL","marketDataState.ts; local cache; provider health tables/services","No meaningful implementation identified in Terminal OS for this requirement.","Unit tests pass; no production cache metrics","TTL, invalidation, fallback and memory limits not verified","TTL, invalidation, fallback and memory limits not verified","Status is based on implementation plus available runtime/test evidence; source code alone is not PASS."
"32","Market Data Caching","P32-R518","stale markers","PARTIAL","MISSING","PARTIAL","marketDataState.ts; local cache; provider health tables/services","No meaningful implementation identified in Terminal OS for this requirement.","Unit tests pass; no production cache metrics","TTL, invalidation, fallback and memory limits not verified","TTL, invalidation, fallback and memory limits not verified","Status is based on implementation plus available runtime/test evidence; source code alone is not PASS."
"32","Market Data Caching","P32-R519","invalidation","PARTIAL","MISSING","PARTIAL","marketDataState.ts; local cache; provider health tables/services","No meaningful implementation identified in Terminal OS for this requirement.","Unit tests pass; no production cache metrics","TTL, invalidation, fallback and memory limits not verified","TTL, invalidation, fallback and memory limits not verified","Status is based on implementation plus available runtime/test evidence; source code alone is not PASS."
"32","Market Data Caching","P32-R520","fallback","PARTIAL","MISSING","PARTIAL","marketDataState.ts; local cache; provider health tables/services","No meaningful implementation identified in Terminal OS for this requirement.","Unit tests pass; no production cache metrics","TTL, invalidation, fallback and memory limits not verified","TTL, invalidation, fallback and memory limits not verified","Status is based on implementation plus available runtime/test evidence; source code alone is not PASS."
"32","Market Data Caching","P32-R521","memory limits","PARTIAL","MISSING","PARTIAL","marketDataState.ts; local cache; provider health tables/services","No meaningful implementation identified in Terminal OS for this requirement.","Unit tests pass; no production cache metrics","TTL, invalidation, fallback and memory limits not verified","TTL, invalidation, fallback and memory limits not verified","Status is based on implementation plus available runtime/test evidence; source code alone is not PASS."
"33","WebSocket Infrastructure","P33-R522","broker WS","PARTIAL","MISSING","PARTIAL","websocketClient.ts; proxy-server.mjs; marketDataState.ts","No meaningful implementation identified in Terminal OS for this requirement.","WebSocket tests pass; no scaling/load test","No verified production gateway or scaling architecture","No verified production gateway or scaling architecture","Status is based on implementation plus available runtime/test evidence; source code alone is not PASS."
"33","WebSocket Infrastructure","P33-R523","market-data service","PARTIAL","MISSING","PARTIAL","websocketClient.ts; proxy-server.mjs; marketDataState.ts","No meaningful implementation identified in Terminal OS for this requirement.","WebSocket tests pass; no scaling/load test","No verified production gateway or scaling architecture","No verified production gateway or scaling architecture","Status is based on implementation plus available runtime/test evidence; source code alone is not PASS."
"33","WebSocket Infrastructure","P33-R524","event/cache layer","PARTIAL","MISSING","PARTIAL","websocketClient.ts; proxy-server.mjs; marketDataState.ts","No meaningful implementation identified in Terminal OS for this requirement.","WebSocket tests pass; no scaling/load test","No verified production gateway or scaling architecture","No verified production gateway or scaling architecture","Status is based on implementation plus available runtime/test evidence; source code alone is not PASS."
"33","WebSocket Infrastructure","P33-R525","customer WS gateway","PARTIAL","MISSING","PARTIAL","websocketClient.ts; proxy-server.mjs; marketDataState.ts","No meaningful implementation identified in Terminal OS for this requirement.","WebSocket tests pass; no scaling/load test","No verified production gateway or scaling architecture","No verified production gateway or scaling architecture","Status is based on implementation plus available runtime/test evidence; source code alone is not PASS."
"33","WebSocket Infrastructure","P33-R526","authentication","PARTIAL","MISSING","PARTIAL","websocketClient.ts; proxy-server.mjs; marketDataState.ts","No meaningful implementation identified in Terminal OS for this requirement.","WebSocket tests pass; no scaling/load test","No verified production gateway or scaling architecture","No verified production gateway or scaling architecture","Status is based on implementation plus available runtime/test evidence; source code alone is not PASS."
"33","WebSocket Infrastructure","P33-R527","subscriptions","PARTIAL","MISSING","PARTIAL","websocketClient.ts; proxy-server.mjs; marketDataState.ts","No meaningful implementation identified in Terminal OS for this requirement.","WebSocket tests pass; no scaling/load test","No verified production gateway or scaling architecture","No verified production gateway or scaling architecture","Status is based on implementation plus available runtime/test evidence; source code alone is not PASS."
"33","WebSocket Infrastructure","P33-R528","heartbeat","PARTIAL","MISSING","PARTIAL","websocketClient.ts; proxy-server.mjs; marketDataState.ts","No meaningful implementation identified in Terminal OS for this requirement.","WebSocket tests pass; no scaling/load test","No verified production gateway or scaling architecture","No verified production gateway or scaling architecture","Status is based on implementation plus available runtime/test evidence; source code alone is not PASS."
"33","WebSocket Infrastructure","P33-R529","reconnect","PARTIAL","MISSING","PARTIAL","websocketClient.ts; proxy-server.mjs; marketDataState.ts","No meaningful implementation identified in Terminal OS for this requirement.","WebSocket tests pass; no scaling/load test","No verified production gateway or scaling architecture","No verified production gateway or scaling architecture","Status is based on implementation plus available runtime/test evidence; source code alone is not PASS."
"33","WebSocket Infrastructure","P33-R530","throttling","PARTIAL","MISSING","PARTIAL","websocketClient.ts; proxy-server.mjs; marketDataState.ts","No meaningful implementation identified in Terminal OS for this requirement.","WebSocket tests pass; no scaling/load test","No verified production gateway or scaling architecture","No verified production gateway or scaling architecture","Status is based on implementation plus available runtime/test evidence; source code alone is not PASS."
"33","WebSocket Infrastructure","P33-R531","backpressure","PARTIAL","MISSING","PARTIAL","websocketClient.ts; proxy-server.mjs; marketDataState.ts","No meaningful implementation identified in Terminal OS for this requirement.","WebSocket tests pass; no scaling/load test","No verified production gateway or scaling architecture","No verified production gateway or scaling architecture","Status is based on implementation plus available runtime/test evidence; source code alone is not PASS."
"33","WebSocket Infrastructure","P33-R532","cleanup","PARTIAL","MISSING","PARTIAL","websocketClient.ts; proxy-server.mjs; marketDataState.ts","No meaningful implementation identified in Terminal OS for this requirement.","WebSocket tests pass; no scaling/load test","No verified production gateway or scaling architecture","No verified production gateway or scaling architecture","Status is based on implementation plus available runtime/test evidence; source code alone is not PASS."
"33","WebSocket Infrastructure","P33-R533","scaling","PARTIAL","MISSING","PARTIAL","websocketClient.ts; proxy-server.mjs; marketDataState.ts","No meaningful implementation identified in Terminal OS for this requirement.","WebSocket tests pass; no scaling/load test","No verified production gateway or scaling architecture","No verified production gateway or scaling architecture","Status is based on implementation plus available runtime/test evidence; source code alone is not PASS."
"34","API Security","P34-R534","JWT/session","PARTIAL","PARTIAL","PARTIAL","Terminal OS middleware/RBAC/security headers; Customer auth/client and proxy","Terminal OS middleware/RBAC/security headers; Customer auth/client and proxy","Type-check/build pass; no attack/security runtime suite","Rate limits, WAF, bot/replay protection and API versioning unverified","Rate limits, WAF, bot/replay protection and API versioning unverified","Status is based on implementation plus available runtime/test evidence; source code alone is not PASS."
"34","API Security","P34-R535","RBAC","PARTIAL","PARTIAL","PARTIAL","Terminal OS middleware/RBAC/security headers; Customer auth/client and proxy","Terminal OS middleware/RBAC/security headers; Customer auth/client and proxy","Type-check/build pass; no attack/security runtime suite","Rate limits, WAF, bot/replay protection and API versioning unverified","Rate limits, WAF, bot/replay protection and API versioning unverified","Status is based on implementation plus available runtime/test evidence; source code alone is not PASS."
"34","API Security","P34-R536","account ownership","PARTIAL","PARTIAL","PARTIAL","Terminal OS middleware/RBAC/security headers; Customer auth/client and proxy","Terminal OS middleware/RBAC/security headers; Customer auth/client and proxy","Type-check/build pass; no attack/security runtime suite","Rate limits, WAF, bot/replay protection and API versioning unverified","Rate limits, WAF, bot/replay protection and API versioning unverified","Status is based on implementation plus available runtime/test evidence; source code alone is not PASS."
"34","API Security","P34-R537","rate limits","PARTIAL","PARTIAL","PARTIAL","Terminal OS middleware/RBAC/security headers; Customer auth/client and proxy","Terminal OS middleware/RBAC/security headers; Customer auth/client and proxy","Type-check/build pass; no attack/security runtime suite","Rate limits, WAF, bot/replay protection and API versioning unverified","Rate limits, WAF, bot/replay protection and API versioning unverified","Status is based on implementation plus available runtime/test evidence; source code alone is not PASS."
"34","API Security","P34-R538","validation","PARTIAL","PARTIAL","PARTIAL","Terminal OS middleware/RBAC/security headers; Customer auth/client and proxy","Terminal OS middleware/RBAC/security headers; Customer auth/client and proxy","Type-check/build pass; no attack/security runtime suite","Rate limits, WAF, bot/replay protection and API versioning unverified","Rate limits, WAF, bot/replay protection and API versioning unverified","Status is based on implementation plus available runtime/test evidence; source code alone is not PASS."
"34","API Security","P34-R539","CORS","PARTIAL","PARTIAL","PARTIAL","Terminal OS middleware/RBAC/security headers; Customer auth/client and proxy","Terminal OS middleware/RBAC/security headers; Customer auth/client and proxy","Type-check/build pass; no attack/security runtime suite","Rate limits, WAF, bot/replay protection and API versioning unverified","Rate limits, WAF, bot/replay protection and API versioning unverified","Status is based on implementation plus available runtime/test evidence; source code alone is not PASS."
"34","API Security","P34-R540","CSRF","PARTIAL","PARTIAL","PARTIAL","Terminal OS middleware/RBAC/security headers; Customer auth/client and proxy","Terminal OS middleware/RBAC/security headers; Customer auth/client and proxy","Type-check/build pass; no attack/security runtime suite","Rate limits, WAF, bot/replay protection and API versioning unverified","Rate limits, WAF, bot/replay protection and API versioning unverified","Status is based on implementation plus available runtime/test evidence; source code alone is not PASS."
"34","API Security","P34-R541","CSP","PARTIAL","PARTIAL","PARTIAL","Terminal OS middleware/RBAC/security headers; Customer auth/client and proxy","Terminal OS middleware/RBAC/security headers; Customer auth/client and proxy","Type-check/build pass; no attack/security runtime suite","Rate limits, WAF, bot/replay protection and API versioning unverified","Rate limits, WAF, bot/replay protection and API versioning unverified","Status is based on implementation plus available runtime/test evidence; source code alone is not PASS."
"34","API Security","P34-R542","security headers","PARTIAL","PARTIAL","PARTIAL","Terminal OS middleware/RBAC/security headers; Customer auth/client and proxy","Terminal OS middleware/RBAC/security headers; Customer auth/client and proxy","Type-check/build pass; no attack/security runtime suite","Rate limits, WAF, bot/replay protection and API versioning unverified","Rate limits, WAF, bot/replay protection and API versioning unverified","Status is based on implementation plus available runtime/test evidence; source code alone is not PASS."
"34","API Security","P34-R543","WAF","PARTIAL","PARTIAL","PARTIAL","Terminal OS middleware/RBAC/security headers; Customer auth/client and proxy","Terminal OS middleware/RBAC/security headers; Customer auth/client and proxy","Type-check/build pass; no attack/security runtime suite","Rate limits, WAF, bot/replay protection and API versioning unverified","Rate limits, WAF, bot/replay protection and API versioning unverified","Status is based on implementation plus available runtime/test evidence; source code alone is not PASS."
"34","API Security","P34-R544","bot protection","PARTIAL","PARTIAL","PARTIAL","Terminal OS middleware/RBAC/security headers; Customer auth/client and proxy","Terminal OS middleware/RBAC/security headers; Customer auth/client and proxy","Type-check/build pass; no attack/security runtime suite","Rate limits, WAF, bot/replay protection and API versioning unverified","Rate limits, WAF, bot/replay protection and API versioning unverified","Status is based on implementation plus available runtime/test evidence; source code alone is not PASS."
"34","API Security","P34-R545","replay protection","PARTIAL","PARTIAL","PARTIAL","Terminal OS middleware/RBAC/security headers; Customer auth/client and proxy","Terminal OS middleware/RBAC/security headers; Customer auth/client and proxy","Type-check/build pass; no attack/security runtime suite","Rate limits, WAF, bot/replay protection and API versioning unverified","Rate limits, WAF, bot/replay protection and API versioning unverified","Status is based on implementation plus available runtime/test evidence; source code alone is not PASS."
"34","API Security","P34-R546","idempotency","PARTIAL","PARTIAL","PARTIAL","Terminal OS middleware/RBAC/security headers; Customer auth/client and proxy","Terminal OS middleware/RBAC/security headers; Customer auth/client and proxy","Type-check/build pass; no attack/security runtime suite","Rate limits, WAF, bot/replay protection and API versioning unverified","Rate limits, WAF, bot/replay protection and API versioning unverified","Status is based on implementation plus available runtime/test evidence; source code alone is not PASS."
"34","API Security","P34-R547","API versioning","PARTIAL","PARTIAL","PARTIAL","Terminal OS middleware/RBAC/security headers; Customer auth/client and proxy","Terminal OS middleware/RBAC/security headers; Customer auth/client and proxy","Type-check/build pass; no attack/security runtime suite","Rate limits, WAF, bot/replay protection and API versioning unverified","Rate limits, WAF, bot/replay protection and API versioning unverified","Status is based on implementation plus available runtime/test evidence; source code alone is not PASS."
"35","Database","P35-R548","customers","FAIL","FAIL","FAIL","Customer migrations declare owner-oriented orders/metrics/account fields; Terminal OS legacy database/schema.sql conflicts with current services","Customer migrations declare owner-oriented orders/metrics/account fields; Terminal OS legacy database/schema.sql conflicts with current services","Live probes: trading_orders/account_metrics/employees/staff_members/broker_credentials/RPCs return 404; core tables return 403","No single verified canonical schema; exact live constraints/policies unavailable","No single verified canonical schema; exact live constraints/policies unavailable","Status is based on implementation plus available runtime/test evidence; source code alone is not PASS."
"35","Database","P35-R549","traders","FAIL","FAIL","FAIL","Customer migrations declare owner-oriented orders/metrics/account fields; Terminal OS legacy database/schema.sql conflicts with current services","Customer migrations declare owner-oriented orders/metrics/account fields; Terminal OS legacy database/schema.sql conflicts with current services","Live probes: trading_orders/account_metrics/employees/staff_members/broker_credentials/RPCs return 404; core tables return 403","No single verified canonical schema; exact live constraints/policies unavailable","No single verified canonical schema; exact live constraints/policies unavailable","Status is based on implementation plus available runtime/test evidence; source code alone is not PASS."
"35","Database","P35-R550","trading_accounts","FAIL","FAIL","FAIL","Customer migrations declare owner-oriented orders/metrics/account fields; Terminal OS legacy database/schema.sql conflicts with current services","Customer migrations declare owner-oriented orders/metrics/account fields; Terminal OS legacy database/schema.sql conflicts with current services","Live probes: trading_orders/account_metrics/employees/staff_members/broker_credentials/RPCs return 404; core tables return 403","No single verified canonical schema; exact live constraints/policies unavailable","No single verified canonical schema; exact live constraints/policies unavailable","Status is based on implementation plus available runtime/test evidence; source code alone is not PASS."
"35","Database","P35-R551","challenge_accounts","FAIL","FAIL","FAIL","Customer migrations declare owner-oriented orders/metrics/account fields; Terminal OS legacy database/schema.sql conflicts with current services","Customer migrations declare owner-oriented orders/metrics/account fields; Terminal OS legacy database/schema.sql conflicts with current services","Live probes: trading_orders/account_metrics/employees/staff_members/broker_credentials/RPCs return 404; core tables return 403","No single verified canonical schema; exact live constraints/policies unavailable","No single verified canonical schema; exact live constraints/policies unavailable","Status is based on implementation plus available runtime/test evidence; source code alone is not PASS."
"35","Database","P35-R552","instruments","FAIL","FAIL","FAIL","Customer migrations declare owner-oriented orders/metrics/account fields; Terminal OS legacy database/schema.sql conflicts with current services","Customer migrations declare owner-oriented orders/metrics/account fields; Terminal OS legacy database/schema.sql conflicts with current services","Live probes: trading_orders/account_metrics/employees/staff_members/broker_credentials/RPCs return 404; core tables return 403","No single verified canonical schema; exact live constraints/policies unavailable","No single verified canonical schema; exact live constraints/policies unavailable","Status is based on implementation plus available runtime/test evidence; source code alone is not PASS."
"35","Database","P35-R553","orders","FAIL","FAIL","FAIL","Customer migrations declare owner-oriented orders/metrics/account fields; Terminal OS legacy database/schema.sql conflicts with current services","Customer migrations declare owner-oriented orders/metrics/account fields; Terminal OS legacy database/schema.sql conflicts with current services","Live probes: trading_orders/account_metrics/employees/staff_members/broker_credentials/RPCs return 404; core tables return 403","No single verified canonical schema; exact live constraints/policies unavailable","No single verified canonical schema; exact live constraints/policies unavailable","Status is based on implementation plus available runtime/test evidence; source code alone is not PASS."
"35","Database","P35-R554","executions","FAIL","FAIL","FAIL","Customer migrations declare owner-oriented orders/metrics/account fields; Terminal OS legacy database/schema.sql conflicts with current services","Customer migrations declare owner-oriented orders/metrics/account fields; Terminal OS legacy database/schema.sql conflicts with current services","Live probes: trading_orders/account_metrics/employees/staff_members/broker_credentials/RPCs return 404; core tables return 403","No single verified canonical schema; exact live constraints/policies unavailable","No single verified canonical schema; exact live constraints/policies unavailable","Status is based on implementation plus available runtime/test evidence; source code alone is not PASS."
"35","Database","P35-R555","positions","FAIL","FAIL","FAIL","Customer migrations declare owner-oriented orders/metrics/account fields; Terminal OS legacy database/schema.sql conflicts with current services","Customer migrations declare owner-oriented orders/metrics/account fields; Terminal OS legacy database/schema.sql conflicts with current services","Live probes: trading_orders/account_metrics/employees/staff_members/broker_credentials/RPCs return 404; core tables return 403","No single verified canonical schema; exact live constraints/policies unavailable","No single verified canonical schema; exact live constraints/policies unavailable","Status is based on implementation plus available runtime/test evidence; source code alone is not PASS."
"35","Database","P35-R556","account_metrics","FAIL","FAIL","FAIL","Customer migrations declare owner-oriented orders/metrics/account fields; Terminal OS legacy database/schema.sql conflicts with current services","Customer migrations declare owner-oriented orders/metrics/account fields; Terminal OS legacy database/schema.sql conflicts with current services","Live probes: trading_orders/account_metrics/employees/staff_members/broker_credentials/RPCs return 404; core tables return 403","No single verified canonical schema; exact live constraints/policies unavailable","No single verified canonical schema; exact live constraints/policies unavailable","Status is based on implementation plus available runtime/test evidence; source code alone is not PASS."
"35","Database","P35-R557","risk_rules","FAIL","FAIL","FAIL","Customer migrations declare owner-oriented orders/metrics/account fields; Terminal OS legacy database/schema.sql conflicts with current services","Customer migrations declare owner-oriented orders/metrics/account fields; Terminal OS legacy database/schema.sql conflicts with current services","Live probes: trading_orders/account_metrics/employees/staff_members/broker_credentials/RPCs return 404; core tables return 403","No single verified canonical schema; exact live constraints/policies unavailable","No single verified canonical schema; exact live constraints/policies unavailable","Status is based on implementation plus available runtime/test evidence; source code alone is not PASS."
"35","Database","P35-R558","risk_events","FAIL","FAIL","FAIL","Customer migrations declare owner-oriented orders/metrics/account fields; Terminal OS legacy database/schema.sql conflicts with current services","Customer migrations declare owner-oriented orders/metrics/account fields; Terminal OS legacy database/schema.sql conflicts with current services","Live probes: trading_orders/account_metrics/employees/staff_members/broker_credentials/RPCs return 404; core tables return 403","No single verified canonical schema; exact live constraints/policies unavailable","No single verified canonical schema; exact live constraints/policies unavailable","Status is based on implementation plus available runtime/test evidence; source code alone is not PASS."
"35","Database","P35-R559","watchlists","FAIL","FAIL","FAIL","Customer migrations declare owner-oriented orders/metrics/account fields; Terminal OS legacy database/schema.sql conflicts with current services","Customer migrations declare owner-oriented orders/metrics/account fields; Terminal OS legacy database/schema.sql conflicts with current services","Live probes: trading_orders/account_metrics/employees/staff_members/broker_credentials/RPCs return 404; core tables return 403","No single verified canonical schema; exact live constraints/policies unavailable","No single verified canonical schema; exact live constraints/policies unavailable","Status is based on implementation plus available runtime/test evidence; source code alone is not PASS."
"35","Database","P35-R560","watchlist_items","FAIL","FAIL","FAIL","Customer migrations declare owner-oriented orders/metrics/account fields; Terminal OS legacy database/schema.sql conflicts with current services","Customer migrations declare owner-oriented orders/metrics/account fields; Terminal OS legacy database/schema.sql conflicts with current services","Live probes: trading_orders/account_metrics/employees/staff_members/broker_credentials/RPCs return 404; core tables return 403","No single verified canonical schema; exact live constraints/policies unavailable","No single verified canonical schema; exact live constraints/policies unavailable","Status is based on implementation plus available runtime/test evidence; source code alone is not PASS."
"35","Database","P35-R561","broker_connections","FAIL","FAIL","FAIL","Customer migrations declare owner-oriented orders/metrics/account fields; Terminal OS legacy database/schema.sql conflicts with current services","Customer migrations declare owner-oriented orders/metrics/account fields; Terminal OS legacy database/schema.sql conflicts with current services","Live probes: trading_orders/account_metrics/employees/staff_members/broker_credentials/RPCs return 404; core tables return 403","No single verified canonical schema; exact live constraints/policies unavailable","No single verified canonical schema; exact live constraints/policies unavailable","Status is based on implementation plus available runtime/test evidence; source code alone is not PASS."
"35","Database","P35-R562","broker_sessions","FAIL","FAIL","FAIL","Customer migrations declare owner-oriented orders/metrics/account fields; Terminal OS legacy database/schema.sql conflicts with current services","Customer migrations declare owner-oriented orders/metrics/account fields; Terminal OS legacy database/schema.sql conflicts with current services","Live probes: trading_orders/account_metrics/employees/staff_members/broker_credentials/RPCs return 404; core tables return 403","No single verified canonical schema; exact live constraints/policies unavailable","No single verified canonical schema; exact live constraints/policies unavailable","Status is based on implementation plus available runtime/test evidence; source code alone is not PASS."
"35","Database","P35-R563","market_data_metadata","FAIL","FAIL","FAIL","Customer migrations declare owner-oriented orders/metrics/account fields; Terminal OS legacy database/schema.sql conflicts with current services","Customer migrations declare owner-oriented orders/metrics/account fields; Terminal OS legacy database/schema.sql conflicts with current services","Live probes: trading_orders/account_metrics/employees/staff_members/broker_credentials/RPCs return 404; core tables return 403","No single verified canonical schema; exact live constraints/policies unavailable","No single verified canonical schema; exact live constraints/policies unavailable","Status is based on implementation plus available runtime/test evidence; source code alone is not PASS."
"35","Database","P35-R564","audit_events","FAIL","FAIL","FAIL","Customer migrations declare owner-oriented orders/metrics/account fields; Terminal OS legacy database/schema.sql conflicts with current services","Customer migrations declare owner-oriented orders/metrics/account fields; Terminal OS legacy database/schema.sql conflicts with current services","Live probes: trading_orders/account_metrics/employees/staff_members/broker_credentials/RPCs return 404; core tables return 403","No single verified canonical schema; exact live constraints/policies unavailable","No single verified canonical schema; exact live constraints/policies unavailable","Status is based on implementation plus available runtime/test evidence; source code alone is not PASS."
"35","Database","P35-R565","reconciliation_events","FAIL","FAIL","FAIL","Customer migrations declare owner-oriented orders/metrics/account fields; Terminal OS legacy database/schema.sql conflicts with current services","Customer migrations declare owner-oriented orders/metrics/account fields; Terminal OS legacy database/schema.sql conflicts with current services","Live probes: trading_orders/account_metrics/employees/staff_members/broker_credentials/RPCs return 404; core tables return 403","No single verified canonical schema; exact live constraints/policies unavailable","No single verified canonical schema; exact live constraints/policies unavailable","Status is based on implementation plus available runtime/test evidence; source code alone is not PASS."
"35","Database","P35-R566","staff_members","FAIL","FAIL","FAIL","Customer migrations declare owner-oriented orders/metrics/account fields; Terminal OS legacy database/schema.sql conflicts with current services","Customer migrations declare owner-oriented orders/metrics/account fields; Terminal OS legacy database/schema.sql conflicts with current services","Live probes: trading_orders/account_metrics/employees/staff_members/broker_credentials/RPCs return 404; core tables return 403","No single verified canonical schema; exact live constraints/policies unavailable","No single verified canonical schema; exact live constraints/policies unavailable","Status is based on implementation plus available runtime/test evidence; source code alone is not PASS."
"35","Database","P35-R567","staff_sessions","FAIL","FAIL","FAIL","Customer migrations declare owner-oriented orders/metrics/account fields; Terminal OS legacy database/schema.sql conflicts with current services","Customer migrations declare owner-oriented orders/metrics/account fields; Terminal OS legacy database/schema.sql conflicts with current services","Live probes: trading_orders/account_metrics/employees/staff_members/broker_credentials/RPCs return 404; core tables return 403","No single verified canonical schema; exact live constraints/policies unavailable","No single verified canonical schema; exact live constraints/policies unavailable","Status is based on implementation plus available runtime/test evidence; source code alone is not PASS."
"35","Database","P35-R568","PK","FAIL","FAIL","FAIL","Customer migrations declare owner-oriented orders/metrics/account fields; Terminal OS legacy database/schema.sql conflicts with current services","Customer migrations declare owner-oriented orders/metrics/account fields; Terminal OS legacy database/schema.sql conflicts with current services","Live probes: trading_orders/account_metrics/employees/staff_members/broker_credentials/RPCs return 404; core tables return 403","No single verified canonical schema; exact live constraints/policies unavailable","No single verified canonical schema; exact live constraints/policies unavailable","Status is based on implementation plus available runtime/test evidence; source code alone is not PASS."
"35","Database","P35-R569","FK","FAIL","FAIL","FAIL","Customer migrations declare owner-oriented orders/metrics/account fields; Terminal OS legacy database/schema.sql conflicts with current services","Customer migrations declare owner-oriented orders/metrics/account fields; Terminal OS legacy database/schema.sql conflicts with current services","Live probes: trading_orders/account_metrics/employees/staff_members/broker_credentials/RPCs return 404; core tables return 403","No single verified canonical schema; exact live constraints/policies unavailable","No single verified canonical schema; exact live constraints/policies unavailable","Status is based on implementation plus available runtime/test evidence; source code alone is not PASS."
"35","Database","P35-R570","unique","FAIL","FAIL","FAIL","Customer migrations declare owner-oriented orders/metrics/account fields; Terminal OS legacy database/schema.sql conflicts with current services","Customer migrations declare owner-oriented orders/metrics/account fields; Terminal OS legacy database/schema.sql conflicts with current services","Live probes: trading_orders/account_metrics/employees/staff_members/broker_credentials/RPCs return 404; core tables return 403","No single verified canonical schema; exact live constraints/policies unavailable","No single verified canonical schema; exact live constraints/policies unavailable","Status is based on implementation plus available runtime/test evidence; source code alone is not PASS."
"35","Database","P35-R571","indexes","FAIL","FAIL","FAIL","Customer migrations declare owner-oriented orders/metrics/account fields; Terminal OS legacy database/schema.sql conflicts with current services","Customer migrations declare owner-oriented orders/metrics/account fields; Terminal OS legacy database/schema.sql conflicts with current services","Live probes: trading_orders/account_metrics/employees/staff_members/broker_credentials/RPCs return 404; core tables return 403","No single verified canonical schema; exact live constraints/policies unavailable","No single verified canonical schema; exact live constraints/policies unavailable","Status is based on implementation plus available runtime/test evidence; source code alone is not PASS."
"35","Database","P35-R572","checks","FAIL","FAIL","FAIL","Customer migrations declare owner-oriented orders/metrics/account fields; Terminal OS legacy database/schema.sql conflicts with current services","Customer migrations declare owner-oriented orders/metrics/account fields; Terminal OS legacy database/schema.sql conflicts with current services","Live probes: trading_orders/account_metrics/employees/staff_members/broker_credentials/RPCs return 404; core tables return 403","No single verified canonical schema; exact live constraints/policies unavailable","No single verified canonical schema; exact live constraints/policies unavailable","Status is based on implementation plus available runtime/test evidence; source code alone is not PASS."
"35","Database","P35-R573","timestamps","FAIL","FAIL","FAIL","Customer migrations declare owner-oriented orders/metrics/account fields; Terminal OS legacy database/schema.sql conflicts with current services","Customer migrations declare owner-oriented orders/metrics/account fields; Terminal OS legacy database/schema.sql conflicts with current services","Live probes: trading_orders/account_metrics/employees/staff_members/broker_credentials/RPCs return 404; core tables return 403","No single verified canonical schema; exact live constraints/policies unavailable","No single verified canonical schema; exact live constraints/policies unavailable","Status is based on implementation plus available runtime/test evidence; source code alone is not PASS."
"35","Database","P35-R574","RLS","FAIL","FAIL","FAIL","Customer migrations declare owner-oriented orders/metrics/account fields; Terminal OS legacy database/schema.sql conflicts with current services","Customer migrations declare owner-oriented orders/metrics/account fields; Terminal OS legacy database/schema.sql conflicts with current services","Live probes: trading_orders/account_metrics/employees/staff_members/broker_credentials/RPCs return 404; core tables return 403","No single verified canonical schema; exact live constraints/policies unavailable","No single verified canonical schema; exact live constraints/policies unavailable","Status is based on implementation plus available runtime/test evidence; source code alone is not PASS."
"35","Database","P35-R575","triggers","FAIL","FAIL","FAIL","Customer migrations declare owner-oriented orders/metrics/account fields; Terminal OS legacy database/schema.sql conflicts with current services","Customer migrations declare owner-oriented orders/metrics/account fields; Terminal OS legacy database/schema.sql conflicts with current services","Live probes: trading_orders/account_metrics/employees/staff_members/broker_credentials/RPCs return 404; core tables return 403","No single verified canonical schema; exact live constraints/policies unavailable","No single verified canonical schema; exact live constraints/policies unavailable","Status is based on implementation plus available runtime/test evidence; source code alone is not PASS."
"36","Event Architecture","P36-R576","ORDER_CREATED","PARTIAL","PARTIAL","PARTIAL","Customer operationsEventBus.ts and tradingStateHarness; Terminal activity/audit services","Customer operationsEventBus.ts and tradingStateHarness; Terminal activity/audit services","Customer event-bus tests pass; no durable event stream integration test","Event names and persistence/consumer guarantees incomplete","Event names and persistence/consumer guarantees incomplete","Status is based on implementation plus available runtime/test evidence; source code alone is not PASS."
"36","Event Architecture","P36-R577","ORDER_SUBMITTED","PARTIAL","PARTIAL","PARTIAL","Customer operationsEventBus.ts and tradingStateHarness; Terminal activity/audit services","Customer operationsEventBus.ts and tradingStateHarness; Terminal activity/audit services","Customer event-bus tests pass; no durable event stream integration test","Event names and persistence/consumer guarantees incomplete","Event names and persistence/consumer guarantees incomplete","Status is based on implementation plus available runtime/test evidence; source code alone is not PASS."
"36","Event Architecture","P36-R578","ORDER_ACKNOWLEDGED","PARTIAL","PARTIAL","PARTIAL","Customer operationsEventBus.ts and tradingStateHarness; Terminal activity/audit services","Customer operationsEventBus.ts and tradingStateHarness; Terminal activity/audit services","Customer event-bus tests pass; no durable event stream integration test","Event names and persistence/consumer guarantees incomplete","Event names and persistence/consumer guarantees incomplete","Status is based on implementation plus available runtime/test evidence; source code alone is not PASS."
"36","Event Architecture","P36-R579","ORDER_FILLED","PARTIAL","PARTIAL","PARTIAL","Customer operationsEventBus.ts and tradingStateHarness; Terminal activity/audit services","Customer operationsEventBus.ts and tradingStateHarness; Terminal activity/audit services","Customer event-bus tests pass; no durable event stream integration test","Event names and persistence/consumer guarantees incomplete","Event names and persistence/consumer guarantees incomplete","Status is based on implementation plus available runtime/test evidence; source code alone is not PASS."
"36","Event Architecture","P36-R580","ORDER_PARTIALLY_FILLED","PARTIAL","PARTIAL","PARTIAL","Customer operationsEventBus.ts and tradingStateHarness; Terminal activity/audit services","Customer operationsEventBus.ts and tradingStateHarness; Terminal activity/audit services","Customer event-bus tests pass; no durable event stream integration test","Event names and persistence/consumer guarantees incomplete","Event names and persistence/consumer guarantees incomplete","Status is based on implementation plus available runtime/test evidence; source code alone is not PASS."
"36","Event Architecture","P36-R581","ORDER_CANCELLED","PARTIAL","PARTIAL","PARTIAL","Customer operationsEventBus.ts and tradingStateHarness; Terminal activity/audit services","Customer operationsEventBus.ts and tradingStateHarness; Terminal activity/audit services","Customer event-bus tests pass; no durable event stream integration test","Event names and persistence/consumer guarantees incomplete","Event names and persistence/consumer guarantees incomplete","Status is based on implementation plus available runtime/test evidence; source code alone is not PASS."
"36","Event Architecture","P36-R582","ORDER_REJECTED","PARTIAL","PARTIAL","PARTIAL","Customer operationsEventBus.ts and tradingStateHarness; Terminal activity/audit services","Customer operationsEventBus.ts and tradingStateHarness; Terminal activity/audit services","Customer event-bus tests pass; no durable event stream integration test","Event names and persistence/consumer guarantees incomplete","Event names and persistence/consumer guarantees incomplete","Status is based on implementation plus available runtime/test evidence; source code alone is not PASS."
"36","Event Architecture","P36-R583","EXECUTION_RECEIVED","PARTIAL","PARTIAL","PARTIAL","Customer operationsEventBus.ts and tradingStateHarness; Terminal activity/audit services","Customer operationsEventBus.ts and tradingStateHarness; Terminal activity/audit services","Customer event-bus tests pass; no durable event stream integration test","Event names and persistence/consumer guarantees incomplete","Event names and persistence/consumer guarantees incomplete","Status is based on implementation plus available runtime/test evidence; source code alone is not PASS."
"36","Event Architecture","P36-R584","POSITION_OPENED","PARTIAL","PARTIAL","PARTIAL","Customer operationsEventBus.ts and tradingStateHarness; Terminal activity/audit services","Customer operationsEventBus.ts and tradingStateHarness; Terminal activity/audit services","Customer event-bus tests pass; no durable event stream integration test","Event names and persistence/consumer guarantees incomplete","Event names and persistence/consumer guarantees incomplete","Status is based on implementation plus available runtime/test evidence; source code alone is not PASS."
"36","Event Architecture","P36-R585","POSITION_UPDATED","PARTIAL","PARTIAL","PARTIAL","Customer operationsEventBus.ts and tradingStateHarness; Terminal activity/audit services","Customer operationsEventBus.ts and tradingStateHarness; Terminal activity/audit services","Customer event-bus tests pass; no durable event stream integration test","Event names and persistence/consumer guarantees incomplete","Event names and persistence/consumer guarantees incomplete","Status is based on implementation plus available runtime/test evidence; source code alone is not PASS."
"36","Event Architecture","P36-R586","POSITION_CLOSED","PARTIAL","PARTIAL","PARTIAL","Customer operationsEventBus.ts and tradingStateHarness; Terminal activity/audit services","Customer operationsEventBus.ts and tradingStateHarness; Terminal activity/audit services","Customer event-bus tests pass; no durable event stream integration test","Event names and persistence/consumer guarantees incomplete","Event names and persistence/consumer guarantees incomplete","Status is based on implementation plus available runtime/test evidence; source code alone is not PASS."
"36","Event Architecture","P36-R587","RISK_WARNING","PARTIAL","PARTIAL","PARTIAL","Customer operationsEventBus.ts and tradingStateHarness; Terminal activity/audit services","Customer operationsEventBus.ts and tradingStateHarness; Terminal activity/audit services","Customer event-bus tests pass; no durable event stream integration test","Event names and persistence/consumer guarantees incomplete","Event names and persistence/consumer guarantees incomplete","Status is based on implementation plus available runtime/test evidence; source code alone is not PASS."
"36","Event Architecture","P36-R588","RISK_BREACH","PARTIAL","PARTIAL","PARTIAL","Customer operationsEventBus.ts and tradingStateHarness; Terminal activity/audit services","Customer operationsEventBus.ts and tradingStateHarness; Terminal activity/audit services","Customer event-bus tests pass; no durable event stream integration test","Event names and persistence/consumer guarantees incomplete","Event names and persistence/consumer guarantees incomplete","Status is based on implementation plus available runtime/test evidence; source code alone is not PASS."
"36","Event Architecture","P36-R589","ACCOUNT_SUSPENDED","PARTIAL","PARTIAL","PARTIAL","Customer operationsEventBus.ts and tradingStateHarness; Terminal activity/audit services","Customer operationsEventBus.ts and tradingStateHarness; Terminal activity/audit services","Customer event-bus tests pass; no durable event stream integration test","Event names and persistence/consumer guarantees incomplete","Event names and persistence/consumer guarantees incomplete","Status is based on implementation plus available runtime/test evidence; source code alone is not PASS."
"36","Event Architecture","P36-R590","ACCOUNT_ACTIVATED","PARTIAL","PARTIAL","PARTIAL","Customer operationsEventBus.ts and tradingStateHarness; Terminal activity/audit services","Customer operationsEventBus.ts and tradingStateHarness; Terminal activity/audit services","Customer event-bus tests pass; no durable event stream integration test","Event names and persistence/consumer guarantees incomplete","Event names and persistence/consumer guarantees incomplete","Status is based on implementation plus available runtime/test evidence; source code alone is not PASS."
"36","Event Architecture","P36-R591","RECONCILIATION_STARTED","PARTIAL","PARTIAL","PARTIAL","Customer operationsEventBus.ts and tradingStateHarness; Terminal activity/audit services","Customer operationsEventBus.ts and tradingStateHarness; Terminal activity/audit services","Customer event-bus tests pass; no durable event stream integration test","Event names and persistence/consumer guarantees incomplete","Event names and persistence/consumer guarantees incomplete","Status is based on implementation plus available runtime/test evidence; source code alone is not PASS."
"36","Event Architecture","P36-R592","RECONCILIATION_FAILED","PARTIAL","PARTIAL","PARTIAL","Customer operationsEventBus.ts and tradingStateHarness; Terminal activity/audit services","Customer operationsEventBus.ts and tradingStateHarness; Terminal activity/audit services","Customer event-bus tests pass; no durable event stream integration test","Event names and persistence/consumer guarantees incomplete","Event names and persistence/consumer guarantees incomplete","Status is based on implementation plus available runtime/test evidence; source code alone is not PASS."
"36","Event Architecture","P36-R593","RECONCILIATION_COMPLETED","PARTIAL","PARTIAL","PARTIAL","Customer operationsEventBus.ts and tradingStateHarness; Terminal activity/audit services","Customer operationsEventBus.ts and tradingStateHarness; Terminal activity/audit services","Customer event-bus tests pass; no durable event stream integration test","Event names and persistence/consumer guarantees incomplete","Event names and persistence/consumer guarantees incomplete","Status is based on implementation plus available runtime/test evidence; source code alone is not PASS."
"37","Notifications","P37-R594","order filled","PARTIAL","PARTIAL","PARTIAL","Customer AlertSystem/alerts migration; Terminal OS alerts page/service","Customer AlertSystem/alerts migration; Terminal OS alerts page/service","Build/tests only; no delivery channel test","No verified email/SMS/push/webhook delivery","No verified email/SMS/push/webhook delivery","Status is based on implementation plus available runtime/test evidence; source code alone is not PASS."
"37","Notifications","P37-R595","rejected","PARTIAL","PARTIAL","PARTIAL","Customer AlertSystem/alerts migration; Terminal OS alerts page/service","Customer AlertSystem/alerts migration; Terminal OS alerts page/service","Build/tests only; no delivery channel test","No verified email/SMS/push/webhook delivery","No verified email/SMS/push/webhook delivery","Status is based on implementation plus available runtime/test evidence; source code alone is not PASS."
"37","Notifications","P37-R596","SL","PARTIAL","PARTIAL","PARTIAL","Customer AlertSystem/alerts migration; Terminal OS alerts page/service","Customer AlertSystem/alerts migration; Terminal OS alerts page/service","Build/tests only; no delivery channel test","No verified email/SMS/push/webhook delivery","No verified email/SMS/push/webhook delivery","Status is based on implementation plus available runtime/test evidence; source code alone is not PASS."
"37","Notifications","P37-R597","TP","PARTIAL","PARTIAL","PARTIAL","Customer AlertSystem/alerts migration; Terminal OS alerts page/service","Customer AlertSystem/alerts migration; Terminal OS alerts page/service","Build/tests only; no delivery channel test","No verified email/SMS/push/webhook delivery","No verified email/SMS/push/webhook delivery","Status is based on implementation plus available runtime/test evidence; source code alone is not PASS."
"37","Notifications","P37-R598","drawdown warning","PARTIAL","PARTIAL","PARTIAL","Customer AlertSystem/alerts migration; Terminal OS alerts page/service","Customer AlertSystem/alerts migration; Terminal OS alerts page/service","Build/tests only; no delivery channel test","No verified email/SMS/push/webhook delivery","No verified email/SMS/push/webhook delivery","Status is based on implementation plus available runtime/test evidence; source code alone is not PASS."
"37","Notifications","P37-R599","breach","PARTIAL","PARTIAL","PARTIAL","Customer AlertSystem/alerts migration; Terminal OS alerts page/service","Customer AlertSystem/alerts migration; Terminal OS alerts page/service","Build/tests only; no delivery channel test","No verified email/SMS/push/webhook delivery","No verified email/SMS/push/webhook delivery","Status is based on implementation plus available runtime/test evidence; source code alone is not PASS."
"37","Notifications","P37-R600","challenge completion","PARTIAL","PARTIAL","PARTIAL","Customer AlertSystem/alerts migration; Terminal OS alerts page/service","Customer AlertSystem/alerts migration; Terminal OS alerts page/service","Build/tests only; no delivery channel test","No verified email/SMS/push/webhook delivery","No verified email/SMS/push/webhook delivery","Status is based on implementation plus available runtime/test evidence; source code alone is not PASS."
"37","Notifications","P37-R601","suspension","PARTIAL","PARTIAL","PARTIAL","Customer AlertSystem/alerts migration; Terminal OS alerts page/service","Customer AlertSystem/alerts migration; Terminal OS alerts page/service","Build/tests only; no delivery channel test","No verified email/SMS/push/webhook delivery","No verified email/SMS/push/webhook delivery","Status is based on implementation plus available runtime/test evidence; source code alone is not PASS."
"37","Notifications","P37-R602","payout","PARTIAL","PARTIAL","PARTIAL","Customer AlertSystem/alerts migration; Terminal OS alerts page/service","Customer AlertSystem/alerts migration; Terminal OS alerts page/service","Build/tests only; no delivery channel test","No verified email/SMS/push/webhook delivery","No verified email/SMS/push/webhook delivery","Status is based on implementation plus available runtime/test evidence; source code alone is not PASS."
"37","Notifications","P37-R603","actual channels","PARTIAL","PARTIAL","PARTIAL","Customer AlertSystem/alerts migration; Terminal OS alerts page/service","Customer AlertSystem/alerts migration; Terminal OS alerts page/service","Build/tests only; no delivery channel test","No verified email/SMS/push/webhook delivery","No verified email/SMS/push/webhook delivery","Status is based on implementation plus available runtime/test evidence; source code alone is not PASS."
"38","Admin Configuration","P38-R604","challenge rules","PARTIAL","PARTIAL","PARTIAL","Customer products/phases/rule_versions migrations; Terminal OS settings/provider services","Customer products/phases/rule_versions migrations; Terminal OS settings/provider services","Live rule tables 403; no configuration mutation/version test","Not all controls are proven configurable/versioned and shared","Not all controls are proven configurable/versioned and shared","Status is based on implementation plus available runtime/test evidence; source code alone is not PASS."
"38","Admin Configuration","P38-R605","leverage","PARTIAL","PARTIAL","PARTIAL","Customer products/phases/rule_versions migrations; Terminal OS settings/provider services","Customer products/phases/rule_versions migrations; Terminal OS settings/provider services","Live rule tables 403; no configuration mutation/version test","Not all controls are proven configurable/versioned and shared","Not all controls are proven configurable/versioned and shared","Status is based on implementation plus available runtime/test evidence; source code alone is not PASS."
"38","Admin Configuration","P38-R606","drawdown","PARTIAL","PARTIAL","PARTIAL","Customer products/phases/rule_versions migrations; Terminal OS settings/provider services","Customer products/phases/rule_versions migrations; Terminal OS settings/provider services","Live rule tables 403; no configuration mutation/version test","Not all controls are proven configurable/versioned and shared","Not all controls are proven configurable/versioned and shared","Status is based on implementation plus available runtime/test evidence; source code alone is not PASS."
"38","Admin Configuration","P38-R607","trading hours","PARTIAL","PARTIAL","PARTIAL","Customer products/phases/rule_versions migrations; Terminal OS settings/provider services","Customer products/phases/rule_versions migrations; Terminal OS settings/provider services","Live rule tables 403; no configuration mutation/version test","Not all controls are proven configurable/versioned and shared","Not all controls are proven configurable/versioned and shared","Status is based on implementation plus available runtime/test evidence; source code alone is not PASS."
"38","Admin Configuration","P38-R608","instrument restrictions","PARTIAL","PARTIAL","PARTIAL","Customer products/phases/rule_versions migrations; Terminal OS settings/provider services","Customer products/phases/rule_versions migrations; Terminal OS settings/provider services","Live rule tables 403; no configuration mutation/version test","Not all controls are proven configurable/versioned and shared","Not all controls are proven configurable/versioned and shared","Status is based on implementation plus available runtime/test evidence; source code alone is not PASS."
"38","Admin Configuration","P38-R609","fees","PARTIAL","PARTIAL","PARTIAL","Customer products/phases/rule_versions migrations; Terminal OS settings/provider services","Customer products/phases/rule_versions migrations; Terminal OS settings/provider services","Live rule tables 403; no configuration mutation/version test","Not all controls are proven configurable/versioned and shared","Not all controls are proven configurable/versioned and shared","Status is based on implementation plus available runtime/test evidence; source code alone is not PASS."
"38","Admin Configuration","P38-R610","payout rules","PARTIAL","PARTIAL","PARTIAL","Customer products/phases/rule_versions migrations; Terminal OS settings/provider services","Customer products/phases/rule_versions migrations; Terminal OS settings/provider services","Live rule tables 403; no configuration mutation/version test","Not all controls are proven configurable/versioned and shared","Not all controls are proven configurable/versioned and shared","Status is based on implementation plus available runtime/test evidence; source code alone is not PASS."
"38","Admin Configuration","P38-R611","broker routing","PARTIAL","PARTIAL","PARTIAL","Customer products/phases/rule_versions migrations; Terminal OS settings/provider services","Customer products/phases/rule_versions migrations; Terminal OS settings/provider services","Live rule tables 403; no configuration mutation/version test","Not all controls are proven configurable/versioned and shared","Not all controls are proven configurable/versioned and shared","Status is based on implementation plus available runtime/test evidence; source code alone is not PASS."
"39","Observability","P39-R612","latency","PARTIAL","PARTIAL","PARTIAL","operationalHealth.ts; provider_health; system-health routes; logger.ts","operationalHealth.ts; provider_health; system-health routes; logger.ts","Health/build evidence only; no metrics backend or alert telemetry","No verified production metrics, tracing, slow-query, lock, or SLO evidence","No verified production metrics, tracing, slow-query, lock, or SLO evidence","Status is based on implementation plus available runtime/test evidence; source code alone is not PASS."
"39","Observability","P39-R613","errors","PARTIAL","PARTIAL","PARTIAL","operationalHealth.ts; provider_health; system-health routes; logger.ts","operationalHealth.ts; provider_health; system-health routes; logger.ts","Health/build evidence only; no metrics backend or alert telemetry","No verified production metrics, tracing, slow-query, lock, or SLO evidence","No verified production metrics, tracing, slow-query, lock, or SLO evidence","Status is based on implementation plus available runtime/test evidence; source code alone is not PASS."
"39","Observability","P39-R614","throughput","PARTIAL","PARTIAL","PARTIAL","operationalHealth.ts; provider_health; system-health routes; logger.ts","operationalHealth.ts; provider_health; system-health routes; logger.ts","Health/build evidence only; no metrics backend or alert telemetry","No verified production metrics, tracing, slow-query, lock, or SLO evidence","No verified production metrics, tracing, slow-query, lock, or SLO evidence","Status is based on implementation plus available runtime/test evidence; source code alone is not PASS."
"39","Observability","P39-R615","CPU","PARTIAL","PARTIAL","PARTIAL","operationalHealth.ts; provider_health; system-health routes; logger.ts","operationalHealth.ts; provider_health; system-health routes; logger.ts","Health/build evidence only; no metrics backend or alert telemetry","No verified production metrics, tracing, slow-query, lock, or SLO evidence","No verified production metrics, tracing, slow-query, lock, or SLO evidence","Status is based on implementation plus available runtime/test evidence; source code alone is not PASS."
"39","Observability","P39-R616","memory","PARTIAL","PARTIAL","PARTIAL","operationalHealth.ts; provider_health; system-health routes; logger.ts","operationalHealth.ts; provider_health; system-health routes; logger.ts","Health/build evidence only; no metrics backend or alert telemetry","No verified production metrics, tracing, slow-query, lock, or SLO evidence","No verified production metrics, tracing, slow-query, lock, or SLO evidence","Status is based on implementation plus available runtime/test evidence; source code alone is not PASS."
"39","Observability","P39-R617","DB connections","PARTIAL","PARTIAL","PARTIAL","operationalHealth.ts; provider_health; system-health routes; logger.ts","operationalHealth.ts; provider_health; system-health routes; logger.ts","Health/build evidence only; no metrics backend or alert telemetry","No verified production metrics, tracing, slow-query, lock, or SLO evidence","No verified production metrics, tracing, slow-query, lock, or SLO evidence","Status is based on implementation plus available runtime/test evidence; source code alone is not PASS."
"39","Observability","P39-R618","slow queries","PARTIAL","PARTIAL","PARTIAL","operationalHealth.ts; provider_health; system-health routes; logger.ts","operationalHealth.ts; provider_health; system-health routes; logger.ts","Health/build evidence only; no metrics backend or alert telemetry","No verified production metrics, tracing, slow-query, lock, or SLO evidence","No verified production metrics, tracing, slow-query, lock, or SLO evidence","Status is based on implementation plus available runtime/test evidence; source code alone is not PASS."
"39","Observability","P39-R619","locks","PARTIAL","PARTIAL","PARTIAL","operationalHealth.ts; provider_health; system-health routes; logger.ts","operationalHealth.ts; provider_health; system-health routes; logger.ts","Health/build evidence only; no metrics backend or alert telemetry","No verified production metrics, tracing, slow-query, lock, or SLO evidence","No verified production metrics, tracing, slow-query, lock, or SLO evidence","Status is based on implementation plus available runtime/test evidence; source code alone is not PASS."
"39","Observability","P39-R620","storage","PARTIAL","PARTIAL","PARTIAL","operationalHealth.ts; provider_health; system-health routes; logger.ts","operationalHealth.ts; provider_health; system-health routes; logger.ts","Health/build evidence only; no metrics backend or alert telemetry","No verified production metrics, tracing, slow-query, lock, or SLO evidence","No verified production metrics, tracing, slow-query, lock, or SLO evidence","Status is based on implementation plus available runtime/test evidence; source code alone is not PASS."
"39","Observability","P39-R621","broker latency/errors/auth/rejections/WS","PARTIAL","PARTIAL","PARTIAL","operationalHealth.ts; provider_health; system-health routes; logger.ts","operationalHealth.ts; provider_health; system-health routes; logger.ts","Health/build evidence only; no metrics backend or alert telemetry","No verified production metrics, tracing, slow-query, lock, or SLO evidence","No verified production metrics, tracing, slow-query, lock, or SLO evidence","Status is based on implementation plus available runtime/test evidence; source code alone is not PASS."
"39","Observability","P39-R622","market-data latency/stale/feed/subscriptions","PARTIAL","PARTIAL","PARTIAL","operationalHealth.ts; provider_health; system-health routes; logger.ts","operationalHealth.ts; provider_health; system-health routes; logger.ts","Health/build evidence only; no metrics backend or alert telemetry","No verified production metrics, tracing, slow-query, lock, or SLO evidence","No verified production metrics, tracing, slow-query, lock, or SLO evidence","Status is based on implementation plus available runtime/test evidence; source code alone is not PASS."
"39","Observability","P39-R623","order acceptance","PARTIAL","PARTIAL","PARTIAL","operationalHealth.ts; provider_health; system-health routes; logger.ts","operationalHealth.ts; provider_health; system-health routes; logger.ts","Health/build evidence only; no metrics backend or alert telemetry","No verified production metrics, tracing, slow-query, lock, or SLO evidence","No verified production metrics, tracing, slow-query, lock, or SLO evidence","Status is based on implementation plus available runtime/test evidence; source code alone is not PASS."
"39","Observability","P39-R624","fill latency","PARTIAL","PARTIAL","PARTIAL","operationalHealth.ts; provider_health; system-health routes; logger.ts","operationalHealth.ts; provider_health; system-health routes; logger.ts","Health/build evidence only; no metrics backend or alert telemetry","No verified production metrics, tracing, slow-query, lock, or SLO evidence","No verified production metrics, tracing, slow-query, lock, or SLO evidence","Status is based on implementation plus available runtime/test evidence; source code alone is not PASS."
"39","Observability","P39-R625","reconciliation mismatch","PARTIAL","PARTIAL","PARTIAL","operationalHealth.ts; provider_health; system-health routes; logger.ts","operationalHealth.ts; provider_health; system-health routes; logger.ts","Health/build evidence only; no metrics backend or alert telemetry","No verified production metrics, tracing, slow-query, lock, or SLO evidence","No verified production metrics, tracing, slow-query, lock, or SLO evidence","Status is based on implementation plus available runtime/test evidence; source code alone is not PASS."
"39","Observability","P39-R626","risk rejection","PARTIAL","PARTIAL","PARTIAL","operationalHealth.ts; provider_health; system-health routes; logger.ts","operationalHealth.ts; provider_health; system-health routes; logger.ts","Health/build evidence only; no metrics backend or alert telemetry","No verified production metrics, tracing, slow-query, lock, or SLO evidence","No verified production metrics, tracing, slow-query, lock, or SLO evidence","Status is based on implementation plus available runtime/test evidence; source code alone is not PASS."
"40","Alerts","P40-R627","broker disconnected","PARTIAL","PARTIAL","PARTIAL","AlertSystem; provider health; system-health and alerts routes","AlertSystem; provider health; system-health and alerts routes","No alert firing test","Detection thresholds, routing, paging and suppression are unverified","Detection thresholds, routing, paging and suppression are unverified","Status is based on implementation plus available runtime/test evidence; source code alone is not PASS."
"40","Alerts","P40-R628","market data stale","PARTIAL","PARTIAL","PARTIAL","AlertSystem; provider health; system-health and alerts routes","AlertSystem; provider health; system-health and alerts routes","No alert firing test","Detection thresholds, routing, paging and suppression are unverified","Detection thresholds, routing, paging and suppression are unverified","Status is based on implementation plus available runtime/test evidence; source code alone is not PASS."
"40","Alerts","P40-R629","reconciliation mismatch","PARTIAL","PARTIAL","PARTIAL","AlertSystem; provider health; system-health and alerts routes","AlertSystem; provider health; system-health and alerts routes","No alert firing test","Detection thresholds, routing, paging and suppression are unverified","Detection thresholds, routing, paging and suppression are unverified","Status is based on implementation plus available runtime/test evidence; source code alone is not PASS."
"40","Alerts","P40-R630","position mismatch","PARTIAL","PARTIAL","PARTIAL","AlertSystem; provider health; system-health and alerts routes","AlertSystem; provider health; system-health and alerts routes","No alert firing test","Detection thresholds, routing, paging and suppression are unverified","Detection thresholds, routing, paging and suppression are unverified","Status is based on implementation plus available runtime/test evidence; source code alone is not PASS."
"40","Alerts","P40-R631","DB unavailable","PARTIAL","PARTIAL","PARTIAL","AlertSystem; provider health; system-health and alerts routes","AlertSystem; provider health; system-health and alerts routes","No alert firing test","Detection thresholds, routing, paging and suppression are unverified","Detection thresholds, routing, paging and suppression are unverified","Status is based on implementation plus available runtime/test evidence; source code alone is not PASS."
"40","Alerts","P40-R632","API errors","PARTIAL","PARTIAL","PARTIAL","AlertSystem; provider health; system-health and alerts routes","AlertSystem; provider health; system-health and alerts routes","No alert firing test","Detection thresholds, routing, paging and suppression are unverified","Detection thresholds, routing, paging and suppression are unverified","Status is based on implementation plus available runtime/test evidence; source code alone is not PASS."
"40","Alerts","P40-R633","order rejection","PARTIAL","PARTIAL","PARTIAL","AlertSystem; provider health; system-health and alerts routes","AlertSystem; provider health; system-health and alerts routes","No alert firing test","Detection thresholds, routing, paging and suppression are unverified","Detection thresholds, routing, paging and suppression are unverified","Status is based on implementation plus available runtime/test evidence; source code alone is not PASS."
"40","Alerts","P40-R634","risk engine unavailable","PARTIAL","PARTIAL","PARTIAL","AlertSystem; provider health; system-health and alerts routes","AlertSystem; provider health; system-health and alerts routes","No alert firing test","Detection thresholds, routing, paging and suppression are unverified","Detection thresholds, routing, paging and suppression are unverified","Status is based on implementation plus available runtime/test evidence; source code alone is not PASS."
"40","Alerts","P40-R635","WS failure","PARTIAL","PARTIAL","PARTIAL","AlertSystem; provider health; system-health and alerts routes","AlertSystem; provider health; system-health and alerts routes","No alert firing test","Detection thresholds, routing, paging and suppression are unverified","Detection thresholds, routing, paging and suppression are unverified","Status is based on implementation plus available runtime/test evidence; source code alone is not PASS."
"40","Alerts","P40-R636","auth spike","PARTIAL","PARTIAL","PARTIAL","AlertSystem; provider health; system-health and alerts routes","AlertSystem; provider health; system-health and alerts routes","No alert firing test","Detection thresholds, routing, paging and suppression are unverified","Detection thresholds, routing, paging and suppression are unverified","Status is based on implementation plus available runtime/test evidence; source code alone is not PASS."
"40","Alerts","P40-R637","suspicious activity","PARTIAL","PARTIAL","PARTIAL","AlertSystem; provider health; system-health and alerts routes","AlertSystem; provider health; system-health and alerts routes","No alert firing test","Detection thresholds, routing, paging and suppression are unverified","Detection thresholds, routing, paging and suppression are unverified","Status is based on implementation plus available runtime/test evidence; source code alone is not PASS."
"41","Security","P41-R638","secret manager","PARTIAL","PARTIAL","PARTIAL","Terminal OS server-only broker encryption, headers, env validation; package manifests","Terminal OS server-only broker encryption, headers, env validation; package manifests","Build/type-check pass; no security scan/pentest evidence","Most infrastructure/security operations are not evidenced","Most infrastructure/security operations are not evidenced","Status is based on implementation plus available runtime/test evidence; source code alone is not PASS."
"41","Security","P41-R639","encryption","PARTIAL","PARTIAL","PARTIAL","Terminal OS server-only broker encryption, headers, env validation; package manifests","Terminal OS server-only broker encryption, headers, env validation; package manifests","Build/type-check pass; no security scan/pentest evidence","Most infrastructure/security operations are not evidenced","Most infrastructure/security operations are not evidenced","Status is based on implementation plus available runtime/test evidence; source code alone is not PASS."
"41","Security","P41-R640","TLS","PARTIAL","PARTIAL","PARTIAL","Terminal OS server-only broker encryption, headers, env validation; package manifests","Terminal OS server-only broker encryption, headers, env validation; package manifests","Build/type-check pass; no security scan/pentest evidence","Most infrastructure/security operations are not evidenced","Most infrastructure/security operations are not evidenced","Status is based on implementation plus available runtime/test evidence; source code alone is not PASS."
"41","Security","P41-R641","key rotation","PARTIAL","PARTIAL","PARTIAL","Terminal OS server-only broker encryption, headers, env validation; package manifests","Terminal OS server-only broker encryption, headers, env validation; package manifests","Build/type-check pass; no security scan/pentest evidence","Most infrastructure/security operations are not evidenced","Most infrastructure/security operations are not evidenced","Status is based on implementation plus available runtime/test evidence; source code alone is not PASS."
"41","Security","P41-R642","least privilege","PARTIAL","PARTIAL","PARTIAL","Terminal OS server-only broker encryption, headers, env validation; package manifests","Terminal OS server-only broker encryption, headers, env validation; package manifests","Build/type-check pass; no security scan/pentest evidence","Most infrastructure/security operations are not evidenced","Most infrastructure/security operations are not evidenced","Status is based on implementation plus available runtime/test evidence; source code alone is not PASS."
"41","Security","P41-R643","service accounts","PARTIAL","PARTIAL","PARTIAL","Terminal OS server-only broker encryption, headers, env validation; package manifests","Terminal OS server-only broker encryption, headers, env validation; package manifests","Build/type-check pass; no security scan/pentest evidence","Most infrastructure/security operations are not evidenced","Most infrastructure/security operations are not evidenced","Status is based on implementation plus available runtime/test evidence; source code alone is not PASS."
"41","Security","P41-R644","network segmentation","PARTIAL","PARTIAL","PARTIAL","Terminal OS server-only broker encryption, headers, env validation; package manifests","Terminal OS server-only broker encryption, headers, env validation; package manifests","Build/type-check pass; no security scan/pentest evidence","Most infrastructure/security operations are not evidenced","Most infrastructure/security operations are not evidenced","Status is based on implementation plus available runtime/test evidence; source code alone is not PASS."
"41","Security","P41-R645","WAF","PARTIAL","PARTIAL","PARTIAL","Terminal OS server-only broker encryption, headers, env validation; package manifests","Terminal OS server-only broker encryption, headers, env validation; package manifests","Build/type-check pass; no security scan/pentest evidence","Most infrastructure/security operations are not evidenced","Most infrastructure/security operations are not evidenced","Status is based on implementation plus available runtime/test evidence; source code alone is not PASS."
"41","Security","P41-R646","DDoS","PARTIAL","PARTIAL","PARTIAL","Terminal OS server-only broker encryption, headers, env validation; package manifests","Terminal OS server-only broker encryption, headers, env validation; package manifests","Build/type-check pass; no security scan/pentest evidence","Most infrastructure/security operations are not evidenced","Most infrastructure/security operations are not evidenced","Status is based on implementation plus available runtime/test evidence; source code alone is not PASS."
"41","Security","P41-R647","vulnerability scan","PARTIAL","PARTIAL","PARTIAL","Terminal OS server-only broker encryption, headers, env validation; package manifests","Terminal OS server-only broker encryption, headers, env validation; package manifests","Build/type-check pass; no security scan/pentest evidence","Most infrastructure/security operations are not evidenced","Most infrastructure/security operations are not evidenced","Status is based on implementation plus available runtime/test evidence; source code alone is not PASS."
"41","Security","P41-R648","dependency scan","PARTIAL","PARTIAL","PARTIAL","Terminal OS server-only broker encryption, headers, env validation; package manifests","Terminal OS server-only broker encryption, headers, env validation; package manifests","Build/type-check pass; no security scan/pentest evidence","Most infrastructure/security operations are not evidenced","Most infrastructure/security operations are not evidenced","Status is based on implementation plus available runtime/test evidence; source code alone is not PASS."
"41","Security","P41-R649","SAST","PARTIAL","PARTIAL","PARTIAL","Terminal OS server-only broker encryption, headers, env validation; package manifests","Terminal OS server-only broker encryption, headers, env validation; package manifests","Build/type-check pass; no security scan/pentest evidence","Most infrastructure/security operations are not evidenced","Most infrastructure/security operations are not evidenced","Status is based on implementation plus available runtime/test evidence; source code alone is not PASS."
"41","Security","P41-R650","DAST","PARTIAL","PARTIAL","PARTIAL","Terminal OS server-only broker encryption, headers, env validation; package manifests","Terminal OS server-only broker encryption, headers, env validation; package manifests","Build/type-check pass; no security scan/pentest evidence","Most infrastructure/security operations are not evidenced","Most infrastructure/security operations are not evidenced","Status is based on implementation plus available runtime/test evidence; source code alone is not PASS."
"41","Security","P41-R651","pentest","PARTIAL","PARTIAL","PARTIAL","Terminal OS server-only broker encryption, headers, env validation; package manifests","Terminal OS server-only broker encryption, headers, env validation; package manifests","Build/type-check pass; no security scan/pentest evidence","Most infrastructure/security operations are not evidenced","Most infrastructure/security operations are not evidenced","Status is based on implementation plus available runtime/test evidence; source code alone is not PASS."
"41","Security","P41-R652","backup encryption","PARTIAL","PARTIAL","PARTIAL","Terminal OS server-only broker encryption, headers, env validation; package manifests","Terminal OS server-only broker encryption, headers, env validation; package manifests","Build/type-check pass; no security scan/pentest evidence","Most infrastructure/security operations are not evidenced","Most infrastructure/security operations are not evidenced","Status is based on implementation plus available runtime/test evidence; source code alone is not PASS."
"41","Security","P41-R653","audit","PARTIAL","PARTIAL","PARTIAL","Terminal OS server-only broker encryption, headers, env validation; package manifests","Terminal OS server-only broker encryption, headers, env validation; package manifests","Build/type-check pass; no security scan/pentest evidence","Most infrastructure/security operations are not evidenced","Most infrastructure/security operations are not evidenced","Status is based on implementation plus available runtime/test evidence; source code alone is not PASS."
"41","Security","P41-R654","incident response","PARTIAL","PARTIAL","PARTIAL","Terminal OS server-only broker encryption, headers, env validation; package manifests","Terminal OS server-only broker encryption, headers, env validation; package manifests","Build/type-check pass; no security scan/pentest evidence","Most infrastructure/security operations are not evidenced","Most infrastructure/security operations are not evidenced","Status is based on implementation plus available runtime/test evidence; source code alone is not PASS."
"42","Backup / Disaster Recovery","P42-R655","RPO","MISSING","MISSING","MISSING","No backup/restore/DR runbooks or tests found in allowed folders","No backup/restore/DR runbooks or tests found in allowed folders","No DR test","Recovery objectives and restore validation absent","Recovery objectives and restore validation absent","Status is based on implementation plus available runtime/test evidence; source code alone is not PASS."
"42","Backup / Disaster Recovery","P42-R656","RTO","MISSING","MISSING","MISSING","No backup/restore/DR runbooks or tests found in allowed folders","No backup/restore/DR runbooks or tests found in allowed folders","No DR test","Recovery objectives and restore validation absent","Recovery objectives and restore validation absent","Status is based on implementation plus available runtime/test evidence; source code alone is not PASS."
"42","Backup / Disaster Recovery","P42-R657","DB restore","MISSING","MISSING","MISSING","No backup/restore/DR runbooks or tests found in allowed folders","No backup/restore/DR runbooks or tests found in allowed folders","No DR test","Recovery objectives and restore validation absent","Recovery objectives and restore validation absent","Status is based on implementation plus available runtime/test evidence; source code alone is not PASS."
"42","Backup / Disaster Recovery","P42-R658","application restore","MISSING","MISSING","MISSING","No backup/restore/DR runbooks or tests found in allowed folders","No backup/restore/DR runbooks or tests found in allowed folders","No DR test","Recovery objectives and restore validation absent","Recovery objectives and restore validation absent","Status is based on implementation plus available runtime/test evidence; source code alone is not PASS."
"42","Backup / Disaster Recovery","P42-R659","cache restore","MISSING","MISSING","MISSING","No backup/restore/DR runbooks or tests found in allowed folders","No backup/restore/DR runbooks or tests found in allowed folders","No DR test","Recovery objectives and restore validation absent","Recovery objectives and restore validation absent","Status is based on implementation plus available runtime/test evidence; source code alone is not PASS."
"42","Backup / Disaster Recovery","P42-R660","broker reconnect","MISSING","MISSING","MISSING","No backup/restore/DR runbooks or tests found in allowed folders","No backup/restore/DR runbooks or tests found in allowed folders","No DR test","Recovery objectives and restore validation absent","Recovery objectives and restore validation absent","Status is based on implementation plus available runtime/test evidence; source code alone is not PASS."
"42","Backup / Disaster Recovery","P42-R661","market-data recovery","MISSING","MISSING","MISSING","No backup/restore/DR runbooks or tests found in allowed folders","No backup/restore/DR runbooks or tests found in allowed folders","No DR test","Recovery objectives and restore validation absent","Recovery objectives and restore validation absent","Status is based on implementation plus available runtime/test evidence; source code alone is not PASS."
"42","Backup / Disaster Recovery","P42-R662","order reconciliation after outage","MISSING","MISSING","MISSING","No backup/restore/DR runbooks or tests found in allowed folders","No backup/restore/DR runbooks or tests found in allowed folders","No DR test","Recovery objectives and restore validation absent","Recovery objectives and restore validation absent","Status is based on implementation plus available runtime/test evidence; source code alone is not PASS."
"43","Testing","P43-R663","UNIT risk","PARTIAL","PARTIAL","PARTIAL","Customer src/test has 16 files/122 tests; Terminal OS no configured test suite","Customer src/test has 16 files/122 tests; Terminal OS no configured test suite","Customer 122 pass; Terminal OS type-check pass; no E2E/load/failure suite","Coverage is not production lifecycle coverage and Terminal OS tests are missing","Coverage is not production lifecycle coverage and Terminal OS tests are missing","Status is based on implementation plus available runtime/test evidence; source code alone is not PASS."
"43","Testing","P43-R664","P&L","PARTIAL","PARTIAL","PARTIAL","Customer src/test has 16 files/122 tests; Terminal OS no configured test suite","Customer src/test has 16 files/122 tests; Terminal OS no configured test suite","Customer 122 pass; Terminal OS type-check pass; no E2E/load/failure suite","Coverage is not production lifecycle coverage and Terminal OS tests are missing","Coverage is not production lifecycle coverage and Terminal OS tests are missing","Status is based on implementation plus available runtime/test evidence; source code alone is not PASS."
"43","Testing","P43-R665","drawdown","PARTIAL","PARTIAL","PARTIAL","Customer src/test has 16 files/122 tests; Terminal OS no configured test suite","Customer src/test has 16 files/122 tests; Terminal OS no configured test suite","Customer 122 pass; Terminal OS type-check pass; no E2E/load/failure suite","Coverage is not production lifecycle coverage and Terminal OS tests are missing","Coverage is not production lifecycle coverage and Terminal OS tests are missing","Status is based on implementation plus available runtime/test evidence; source code alone is not PASS."
"43","Testing","P43-R666","order validation","PARTIAL","PARTIAL","PARTIAL","Customer src/test has 16 files/122 tests; Terminal OS no configured test suite","Customer src/test has 16 files/122 tests; Terminal OS no configured test suite","Customer 122 pass; Terminal OS type-check pass; no E2E/load/failure suite","Coverage is not production lifecycle coverage and Terminal OS tests are missing","Coverage is not production lifecycle coverage and Terminal OS tests are missing","Status is based on implementation plus available runtime/test evidence; source code alone is not PASS."
"43","Testing","P43-R667","positions","PARTIAL","PARTIAL","PARTIAL","Customer src/test has 16 files/122 tests; Terminal OS no configured test suite","Customer src/test has 16 files/122 tests; Terminal OS no configured test suite","Customer 122 pass; Terminal OS type-check pass; no E2E/load/failure suite","Coverage is not production lifecycle coverage and Terminal OS tests are missing","Coverage is not production lifecycle coverage and Terminal OS tests are missing","Status is based on implementation plus available runtime/test evidence; source code alone is not PASS."
"43","Testing","P43-R668","INTEGRATION broker","PARTIAL","PARTIAL","PARTIAL","Customer src/test has 16 files/122 tests; Terminal OS no configured test suite","Customer src/test has 16 files/122 tests; Terminal OS no configured test suite","Customer 122 pass; Terminal OS type-check pass; no E2E/load/failure suite","Coverage is not production lifecycle coverage and Terminal OS tests are missing","Coverage is not production lifecycle coverage and Terminal OS tests are missing","Status is based on implementation plus available runtime/test evidence; source code alone is not PASS."
"43","Testing","P43-R669","DB","PARTIAL","PARTIAL","PARTIAL","Customer src/test has 16 files/122 tests; Terminal OS no configured test suite","Customer src/test has 16 files/122 tests; Terminal OS no configured test suite","Customer 122 pass; Terminal OS type-check pass; no E2E/load/failure suite","Coverage is not production lifecycle coverage and Terminal OS tests are missing","Coverage is not production lifecycle coverage and Terminal OS tests are missing","Status is based on implementation plus available runtime/test evidence; source code alone is not PASS."
"43","Testing","P43-R670","auth","PARTIAL","PARTIAL","PARTIAL","Customer src/test has 16 files/122 tests; Terminal OS no configured test suite","Customer src/test has 16 files/122 tests; Terminal OS no configured test suite","Customer 122 pass; Terminal OS type-check pass; no E2E/load/failure suite","Coverage is not production lifecycle coverage and Terminal OS tests are missing","Coverage is not production lifecycle coverage and Terminal OS tests are missing","Status is based on implementation plus available runtime/test evidence; source code alone is not PASS."
"43","Testing","P43-R671","WebSocket","PARTIAL","PARTIAL","PARTIAL","Customer src/test has 16 files/122 tests; Terminal OS no configured test suite","Customer src/test has 16 files/122 tests; Terminal OS no configured test suite","Customer 122 pass; Terminal OS type-check pass; no E2E/load/failure suite","Coverage is not production lifecycle coverage and Terminal OS tests are missing","Coverage is not production lifecycle coverage and Terminal OS tests are missing","Status is based on implementation plus available runtime/test evidence; source code alone is not PASS."
"43","Testing","P43-R672","cache","PARTIAL","PARTIAL","PARTIAL","Customer src/test has 16 files/122 tests; Terminal OS no configured test suite","Customer src/test has 16 files/122 tests; Terminal OS no configured test suite","Customer 122 pass; Terminal OS type-check pass; no E2E/load/failure suite","Coverage is not production lifecycle coverage and Terminal OS tests are missing","Coverage is not production lifecycle coverage and Terminal OS tests are missing","Status is based on implementation plus available runtime/test evidence; source code alone is not PASS."
"43","Testing","P43-R673","E2E login-account-market-order-risk-execution-position-P&L-reconciliation","PARTIAL","PARTIAL","PARTIAL","Customer src/test has 16 files/122 tests; Terminal OS no configured test suite","Customer src/test has 16 files/122 tests; Terminal OS no configured test suite","Customer 122 pass; Terminal OS type-check pass; no E2E/load/failure suite","Coverage is not production lifecycle coverage and Terminal OS tests are missing","Coverage is not production lifecycle coverage and Terminal OS tests are missing","Status is based on implementation plus available runtime/test evidence; source code alone is not PASS."
"43","Testing","P43-R674","FAILURE broker timeout","PARTIAL","PARTIAL","PARTIAL","Customer src/test has 16 files/122 tests; Terminal OS no configured test suite","Customer src/test has 16 files/122 tests; Terminal OS no configured test suite","Customer 122 pass; Terminal OS type-check pass; no E2E/load/failure suite","Coverage is not production lifecycle coverage and Terminal OS tests are missing","Coverage is not production lifecycle coverage and Terminal OS tests are missing","Status is based on implementation plus available runtime/test evidence; source code alone is not PASS."
"43","Testing","P43-R675","duplicate execution","PARTIAL","PARTIAL","PARTIAL","Customer src/test has 16 files/122 tests; Terminal OS no configured test suite","Customer src/test has 16 files/122 tests; Terminal OS no configured test suite","Customer 122 pass; Terminal OS type-check pass; no E2E/load/failure suite","Coverage is not production lifecycle coverage and Terminal OS tests are missing","Coverage is not production lifecycle coverage and Terminal OS tests are missing","Status is based on implementation plus available runtime/test evidence; source code alone is not PASS."
"43","Testing","P43-R676","WS disconnect","PARTIAL","PARTIAL","PARTIAL","Customer src/test has 16 files/122 tests; Terminal OS no configured test suite","Customer src/test has 16 files/122 tests; Terminal OS no configured test suite","Customer 122 pass; Terminal OS type-check pass; no E2E/load/failure suite","Coverage is not production lifecycle coverage and Terminal OS tests are missing","Coverage is not production lifecycle coverage and Terminal OS tests are missing","Status is based on implementation plus available runtime/test evidence; source code alone is not PASS."
"43","Testing","P43-R677","DB disconnect","PARTIAL","PARTIAL","PARTIAL","Customer src/test has 16 files/122 tests; Terminal OS no configured test suite","Customer src/test has 16 files/122 tests; Terminal OS no configured test suite","Customer 122 pass; Terminal OS type-check pass; no E2E/load/failure suite","Coverage is not production lifecycle coverage and Terminal OS tests are missing","Coverage is not production lifecycle coverage and Terminal OS tests are missing","Status is based on implementation plus available runtime/test evidence; source code alone is not PASS."
"43","Testing","P43-R678","unknown order","PARTIAL","PARTIAL","PARTIAL","Customer src/test has 16 files/122 tests; Terminal OS no configured test suite","Customer src/test has 16 files/122 tests; Terminal OS no configured test suite","Customer 122 pass; Terminal OS type-check pass; no E2E/load/failure suite","Coverage is not production lifecycle coverage and Terminal OS tests are missing","Coverage is not production lifecycle coverage and Terminal OS tests are missing","Status is based on implementation plus available runtime/test evidence; source code alone is not PASS."
"43","Testing","P43-R679","partial fill","PARTIAL","PARTIAL","PARTIAL","Customer src/test has 16 files/122 tests; Terminal OS no configured test suite","Customer src/test has 16 files/122 tests; Terminal OS no configured test suite","Customer 122 pass; Terminal OS type-check pass; no E2E/load/failure suite","Coverage is not production lifecycle coverage and Terminal OS tests are missing","Coverage is not production lifecycle coverage and Terminal OS tests are missing","Status is based on implementation plus available runtime/test evidence; source code alone is not PASS."
"43","Testing","P43-R680","duplicate order","PARTIAL","PARTIAL","PARTIAL","Customer src/test has 16 files/122 tests; Terminal OS no configured test suite","Customer src/test has 16 files/122 tests; Terminal OS no configured test suite","Customer 122 pass; Terminal OS type-check pass; no E2E/load/failure suite","Coverage is not production lifecycle coverage and Terminal OS tests are missing","Coverage is not production lifecycle coverage and Terminal OS tests are missing","Status is based on implementation plus available runtime/test evidence; source code alone is not PASS."
"43","Testing","P43-R681","stale data","PARTIAL","PARTIAL","PARTIAL","Customer src/test has 16 files/122 tests; Terminal OS no configured test suite","Customer src/test has 16 files/122 tests; Terminal OS no configured test suite","Customer 122 pass; Terminal OS type-check pass; no E2E/load/failure suite","Coverage is not production lifecycle coverage and Terminal OS tests are missing","Coverage is not production lifecycle coverage and Terminal OS tests are missing","Status is based on implementation plus available runtime/test evidence; source code alone is not PASS."
"43","Testing","P43-R682","risk failure","PARTIAL","PARTIAL","PARTIAL","Customer src/test has 16 files/122 tests; Terminal OS no configured test suite","Customer src/test has 16 files/122 tests; Terminal OS no configured test suite","Customer 122 pass; Terminal OS type-check pass; no E2E/load/failure suite","Coverage is not production lifecycle coverage and Terminal OS tests are missing","Coverage is not production lifecycle coverage and Terminal OS tests are missing","Status is based on implementation plus available runtime/test evidence; source code alone is not PASS."
"43","Testing","P43-R683","LOAD users","PARTIAL","PARTIAL","PARTIAL","Customer src/test has 16 files/122 tests; Terminal OS no configured test suite","Customer src/test has 16 files/122 tests; Terminal OS no configured test suite","Customer 122 pass; Terminal OS type-check pass; no E2E/load/failure suite","Coverage is not production lifecycle coverage and Terminal OS tests are missing","Coverage is not production lifecycle coverage and Terminal OS tests are missing","Status is based on implementation plus available runtime/test evidence; source code alone is not PASS."
"43","Testing","P43-R684","WS","PARTIAL","PARTIAL","PARTIAL","Customer src/test has 16 files/122 tests; Terminal OS no configured test suite","Customer src/test has 16 files/122 tests; Terminal OS no configured test suite","Customer 122 pass; Terminal OS type-check pass; no E2E/load/failure suite","Coverage is not production lifecycle coverage and Terminal OS tests are missing","Coverage is not production lifecycle coverage and Terminal OS tests are missing","Status is based on implementation plus available runtime/test evidence; source code alone is not PASS."
"43","Testing","P43-R685","quote subscriptions","PARTIAL","PARTIAL","PARTIAL","Customer src/test has 16 files/122 tests; Terminal OS no configured test suite","Customer src/test has 16 files/122 tests; Terminal OS no configured test suite","Customer 122 pass; Terminal OS type-check pass; no E2E/load/failure suite","Coverage is not production lifecycle coverage and Terminal OS tests are missing","Coverage is not production lifecycle coverage and Terminal OS tests are missing","Status is based on implementation plus available runtime/test evidence; source code alone is not PASS."
"43","Testing","P43-R686","orders/sec","PARTIAL","PARTIAL","PARTIAL","Customer src/test has 16 files/122 tests; Terminal OS no configured test suite","Customer src/test has 16 files/122 tests; Terminal OS no configured test suite","Customer 122 pass; Terminal OS type-check pass; no E2E/load/failure suite","Coverage is not production lifecycle coverage and Terminal OS tests are missing","Coverage is not production lifecycle coverage and Terminal OS tests are missing","Status is based on implementation plus available runtime/test evidence; source code alone is not PASS."
"43","Testing","P43-R687","API requests/sec","PARTIAL","PARTIAL","PARTIAL","Customer src/test has 16 files/122 tests; Terminal OS no configured test suite","Customer src/test has 16 files/122 tests; Terminal OS no configured test suite","Customer 122 pass; Terminal OS type-check pass; no E2E/load/failure suite","Coverage is not production lifecycle coverage and Terminal OS tests are missing","Coverage is not production lifecycle coverage and Terminal OS tests are missing","Status is based on implementation plus available runtime/test evidence; source code alone is not PASS."
"44","Paper Trading","P44-R688","customer to backend to risk to paper execution to position to P&L to reconciliation","PARTIAL","PARTIAL","PARTIAL","Customer tradingStateHarness and mock/test adapters; execution/position/risk engines","Customer tradingStateHarness and mock/test adapters; execution/position/risk engines","Harness/unit tests pass; no cross-project paper lifecycle","No verified server-backed production-like paper environment","No verified server-backed production-like paper environment","Status is based on implementation plus available runtime/test evidence; source code alone is not PASS."
"45","Broker Certification","P45-R689","per-broker authentication","NOT VERIFIED","NOT VERIFIED","NOT VERIFIED","Customer adapters/router; Terminal OS provider definitions and broker routes","Customer adapters/router; Terminal OS provider definitions and broker routes","No credentialed certification and no real orders permitted","No actual broker has completed certification","No actual broker has completed certification","Status is based on implementation plus available runtime/test evidence; source code alone is not PASS."
"45","Broker Certification","P45-R690","token","NOT VERIFIED","NOT VERIFIED","NOT VERIFIED","Customer adapters/router; Terminal OS provider definitions and broker routes","Customer adapters/router; Terminal OS provider definitions and broker routes","No credentialed certification and no real orders permitted","No actual broker has completed certification","No actual broker has completed certification","Status is based on implementation plus available runtime/test evidence; source code alone is not PASS."
"45","Broker Certification","P45-R691","expiry","NOT VERIFIED","NOT VERIFIED","NOT VERIFIED","Customer adapters/router; Terminal OS provider definitions and broker routes","Customer adapters/router; Terminal OS provider definitions and broker routes","No credentialed certification and no real orders permitted","No actual broker has completed certification","No actual broker has completed certification","Status is based on implementation plus available runtime/test evidence; source code alone is not PASS."
"45","Broker Certification","P45-R692","reconnect","NOT VERIFIED","NOT VERIFIED","NOT VERIFIED","Customer adapters/router; Terminal OS provider definitions and broker routes","Customer adapters/router; Terminal OS provider definitions and broker routes","No credentialed certification and no real orders permitted","No actual broker has completed certification","No actual broker has completed certification","Status is based on implementation plus available runtime/test evidence; source code alone is not PASS."
"45","Broker Certification","P45-R693","instruments","NOT VERIFIED","NOT VERIFIED","NOT VERIFIED","Customer adapters/router; Terminal OS provider definitions and broker routes","Customer adapters/router; Terminal OS provider definitions and broker routes","No credentialed certification and no real orders permitted","No actual broker has completed certification","No actual broker has completed certification","Status is based on implementation plus available runtime/test evidence; source code alone is not PASS."
"45","Broker Certification","P45-R694","quote","NOT VERIFIED","NOT VERIFIED","NOT VERIFIED","Customer adapters/router; Terminal OS provider definitions and broker routes","Customer adapters/router; Terminal OS provider definitions and broker routes","No credentialed certification and no real orders permitted","No actual broker has completed certification","No actual broker has completed certification","Status is based on implementation plus available runtime/test evidence; source code alone is not PASS."
"45","Broker Certification","P45-R695","historical","NOT VERIFIED","NOT VERIFIED","NOT VERIFIED","Customer adapters/router; Terminal OS provider definitions and broker routes","Customer adapters/router; Terminal OS provider definitions and broker routes","No credentialed certification and no real orders permitted","No actual broker has completed certification","No actual broker has completed certification","Status is based on implementation plus available runtime/test evidence; source code alone is not PASS."
"45","Broker Certification","P45-R696","WS","NOT VERIFIED","NOT VERIFIED","NOT VERIFIED","Customer adapters/router; Terminal OS provider definitions and broker routes","Customer adapters/router; Terminal OS provider definitions and broker routes","No credentialed certification and no real orders permitted","No actual broker has completed certification","No actual broker has completed certification","Status is based on implementation plus available runtime/test evidence; source code alone is not PASS."
"45","Broker Certification","P45-R697","place","NOT VERIFIED","NOT VERIFIED","NOT VERIFIED","Customer adapters/router; Terminal OS provider definitions and broker routes","Customer adapters/router; Terminal OS provider definitions and broker routes","No credentialed certification and no real orders permitted","No actual broker has completed certification","No actual broker has completed certification","Status is based on implementation plus available runtime/test evidence; source code alone is not PASS."
"45","Broker Certification","P45-R698","modify","NOT VERIFIED","NOT VERIFIED","NOT VERIFIED","Customer adapters/router; Terminal OS provider definitions and broker routes","Customer adapters/router; Terminal OS provider definitions and broker routes","No credentialed certification and no real orders permitted","No actual broker has completed certification","No actual broker has completed certification","Status is based on implementation plus available runtime/test evidence; source code alone is not PASS."
"45","Broker Certification","P45-R699","cancel","NOT VERIFIED","NOT VERIFIED","NOT VERIFIED","Customer adapters/router; Terminal OS provider definitions and broker routes","Customer adapters/router; Terminal OS provider definitions and broker routes","No credentialed certification and no real orders permitted","No actual broker has completed certification","No actual broker has completed certification","Status is based on implementation plus available runtime/test evidence; source code alone is not PASS."
"45","Broker Certification","P45-R700","status","NOT VERIFIED","NOT VERIFIED","NOT VERIFIED","Customer adapters/router; Terminal OS provider definitions and broker routes","Customer adapters/router; Terminal OS provider definitions and broker routes","No credentialed certification and no real orders permitted","No actual broker has completed certification","No actual broker has completed certification","Status is based on implementation plus available runtime/test evidence; source code alone is not PASS."
"45","Broker Certification","P45-R701","partial fill","NOT VERIFIED","NOT VERIFIED","NOT VERIFIED","Customer adapters/router; Terminal OS provider definitions and broker routes","Customer adapters/router; Terminal OS provider definitions and broker routes","No credentialed certification and no real orders permitted","No actual broker has completed certification","No actual broker has completed certification","Status is based on implementation plus available runtime/test evidence; source code alone is not PASS."
"45","Broker Certification","P45-R702","full fill","NOT VERIFIED","NOT VERIFIED","NOT VERIFIED","Customer adapters/router; Terminal OS provider definitions and broker routes","Customer adapters/router; Terminal OS provider definitions and broker routes","No credentialed certification and no real orders permitted","No actual broker has completed certification","No actual broker has completed certification","Status is based on implementation plus available runtime/test evidence; source code alone is not PASS."
"45","Broker Certification","P45-R703","rejection","NOT VERIFIED","NOT VERIFIED","NOT VERIFIED","Customer adapters/router; Terminal OS provider definitions and broker routes","Customer adapters/router; Terminal OS provider definitions and broker routes","No credentialed certification and no real orders permitted","No actual broker has completed certification","No actual broker has completed certification","Status is based on implementation plus available runtime/test evidence; source code alone is not PASS."
"45","Broker Certification","P45-R704","timeout","NOT VERIFIED","NOT VERIFIED","NOT VERIFIED","Customer adapters/router; Terminal OS provider definitions and broker routes","Customer adapters/router; Terminal OS provider definitions and broker routes","No credentialed certification and no real orders permitted","No actual broker has completed certification","No actual broker has completed certification","Status is based on implementation plus available runtime/test evidence; source code alone is not PASS."
"45","Broker Certification","P45-R705","unknown response","NOT VERIFIED","NOT VERIFIED","NOT VERIFIED","Customer adapters/router; Terminal OS provider definitions and broker routes","Customer adapters/router; Terminal OS provider definitions and broker routes","No credentialed certification and no real orders permitted","No actual broker has completed certification","No actual broker has completed certification","Status is based on implementation plus available runtime/test evidence; source code alone is not PASS."
"45","Broker Certification","P45-R706","order reconciliation","NOT VERIFIED","NOT VERIFIED","NOT VERIFIED","Customer adapters/router; Terminal OS provider definitions and broker routes","Customer adapters/router; Terminal OS provider definitions and broker routes","No credentialed certification and no real orders permitted","No actual broker has completed certification","No actual broker has completed certification","Status is based on implementation plus available runtime/test evidence; source code alone is not PASS."
"45","Broker Certification","P45-R707","execution reconciliation","NOT VERIFIED","NOT VERIFIED","NOT VERIFIED","Customer adapters/router; Terminal OS provider definitions and broker routes","Customer adapters/router; Terminal OS provider definitions and broker routes","No credentialed certification and no real orders permitted","No actual broker has completed certification","No actual broker has completed certification","Status is based on implementation plus available runtime/test evidence; source code alone is not PASS."
"45","Broker Certification","P45-R708","position reconciliation","NOT VERIFIED","NOT VERIFIED","NOT VERIFIED","Customer adapters/router; Terminal OS provider definitions and broker routes","Customer adapters/router; Terminal OS provider definitions and broker routes","No credentialed certification and no real orders permitted","No actual broker has completed certification","No actual broker has completed certification","Status is based on implementation plus available runtime/test evidence; source code alone is not PASS."
"45","Broker Certification","P45-R709","balance reconciliation","NOT VERIFIED","NOT VERIFIED","NOT VERIFIED","Customer adapters/router; Terminal OS provider definitions and broker routes","Customer adapters/router; Terminal OS provider definitions and broker routes","No credentialed certification and no real orders permitted","No actual broker has completed certification","No actual broker has completed certification","Status is based on implementation plus available runtime/test evidence; source code alone is not PASS."
"46","Market Data Compliance","P46-R710","data vendor agreement","NOT VERIFIED","NOT VERIFIED","NOT VERIFIED","No implementation/configuration evidence found","No implementation/configuration evidence found","No compliance artifact test","Vendor/licensing evidence unavailable","Vendor/licensing evidence unavailable","Status is based on implementation plus available runtime/test evidence; source code alone is not PASS."
"46","Market Data Compliance","P46-R711","display rights","NOT VERIFIED","NOT VERIFIED","NOT VERIFIED","No implementation/configuration evidence found","No implementation/configuration evidence found","No compliance artifact test","Vendor/licensing evidence unavailable","Vendor/licensing evidence unavailable","Status is based on implementation plus available runtime/test evidence; source code alone is not PASS."
"46","Market Data Compliance","P46-R712","redistribution rights","NOT VERIFIED","NOT VERIFIED","NOT VERIFIED","No implementation/configuration evidence found","No implementation/configuration evidence found","No compliance artifact test","Vendor/licensing evidence unavailable","Vendor/licensing evidence unavailable","Status is based on implementation plus available runtime/test evidence; source code alone is not PASS."
"46","Market Data Compliance","P46-R713","historical rights","NOT VERIFIED","NOT VERIFIED","NOT VERIFIED","No implementation/configuration evidence found","No implementation/configuration evidence found","No compliance artifact test","Vendor/licensing evidence unavailable","Vendor/licensing evidence unavailable","Status is based on implementation plus available runtime/test evidence; source code alone is not PASS."
"46","Market Data Compliance","P46-R714","realtime rights","NOT VERIFIED","NOT VERIFIED","NOT VERIFIED","No implementation/configuration evidence found","No implementation/configuration evidence found","No compliance artifact test","Vendor/licensing evidence unavailable","Vendor/licensing evidence unavailable","Status is based on implementation plus available runtime/test evidence; source code alone is not PASS."
"46","Market Data Compliance","P46-R715","storage rights","NOT VERIFIED","NOT VERIFIED","NOT VERIFIED","No implementation/configuration evidence found","No implementation/configuration evidence found","No compliance artifact test","Vendor/licensing evidence unavailable","Vendor/licensing evidence unavailable","Status is based on implementation plus available runtime/test evidence; source code alone is not PASS."
"46","Market Data Compliance","P46-R716","derived-data rights","NOT VERIFIED","NOT VERIFIED","NOT VERIFIED","No implementation/configuration evidence found","No implementation/configuration evidence found","No compliance artifact test","Vendor/licensing evidence unavailable","Vendor/licensing evidence unavailable","Status is based on implementation plus available runtime/test evidence; source code alone is not PASS."
"46","Market Data Compliance","P46-R717","user limits","NOT VERIFIED","NOT VERIFIED","NOT VERIFIED","No implementation/configuration evidence found","No implementation/configuration evidence found","No compliance artifact test","Vendor/licensing evidence unavailable","Vendor/licensing evidence unavailable","Status is based on implementation plus available runtime/test evidence; source code alone is not PASS."
"46","Market Data Compliance","P46-R718","audit requirements","NOT VERIFIED","NOT VERIFIED","NOT VERIFIED","No implementation/configuration evidence found","No implementation/configuration evidence found","No compliance artifact test","Vendor/licensing evidence unavailable","Vendor/licensing evidence unavailable","Status is based on implementation plus available runtime/test evidence; source code alone is not PASS."
"47","Compliance / Legal","P47-R719","business model classification","NOT VERIFIED","NOT VERIFIED","NOT VERIFIED","No complete compliance evidence inventory found in allowed folders","No complete compliance evidence inventory found in allowed folders","No compliance verification","Only evidence-present/absent review performed; no legal conclusion","Only evidence-present/absent review performed; no legal conclusion","Status is based on implementation plus available runtime/test evidence; source code alone is not PASS."
"47","Compliance / Legal","P47-R720","regulatory applicability review","NOT VERIFIED","NOT VERIFIED","NOT VERIFIED","No complete compliance evidence inventory found in allowed folders","No complete compliance evidence inventory found in allowed folders","No compliance verification","Only evidence-present/absent review performed; no legal conclusion","Only evidence-present/absent review performed; no legal conclusion","Status is based on implementation plus available runtime/test evidence; source code alone is not PASS."
"47","Compliance / Legal","P47-R721","exchange implications","NOT VERIFIED","NOT VERIFIED","NOT VERIFIED","No complete compliance evidence inventory found in allowed folders","No complete compliance evidence inventory found in allowed folders","No compliance verification","Only evidence-present/absent review performed; no legal conclusion","Only evidence-present/absent review performed; no legal conclusion","Status is based on implementation plus available runtime/test evidence; source code alone is not PASS."
"47","Compliance / Legal","P47-R722","broker agreements","NOT VERIFIED","NOT VERIFIED","NOT VERIFIED","No complete compliance evidence inventory found in allowed folders","No complete compliance evidence inventory found in allowed folders","No compliance verification","Only evidence-present/absent review performed; no legal conclusion","Only evidence-present/absent review performed; no legal conclusion","Status is based on implementation plus available runtime/test evidence; source code alone is not PASS."
"47","Compliance / Legal","P47-R723","market-data licensing","NOT VERIFIED","NOT VERIFIED","NOT VERIFIED","No complete compliance evidence inventory found in allowed folders","No complete compliance evidence inventory found in allowed folders","No compliance verification","Only evidence-present/absent review performed; no legal conclusion","Only evidence-present/absent review performed; no legal conclusion","Status is based on implementation plus available runtime/test evidence; source code alone is not PASS."
"47","Compliance / Legal","P47-R724","KYC/AML","NOT VERIFIED","NOT VERIFIED","NOT VERIFIED","No complete compliance evidence inventory found in allowed folders","No complete compliance evidence inventory found in allowed folders","No compliance verification","Only evidence-present/absent review performed; no legal conclusion","Only evidence-present/absent review performed; no legal conclusion","Status is based on implementation plus available runtime/test evidence; source code alone is not PASS."
"47","Compliance / Legal","P47-R725","payments","NOT VERIFIED","NOT VERIFIED","NOT VERIFIED","No complete compliance evidence inventory found in allowed folders","No complete compliance evidence inventory found in allowed folders","No compliance verification","Only evidence-present/absent review performed; no legal conclusion","Only evidence-present/absent review performed; no legal conclusion","Status is based on implementation plus available runtime/test evidence; source code alone is not PASS."
"47","Compliance / Legal","P47-R726","GST/tax","NOT VERIFIED","NOT VERIFIED","NOT VERIFIED","No complete compliance evidence inventory found in allowed folders","No complete compliance evidence inventory found in allowed folders","No compliance verification","Only evidence-present/absent review performed; no legal conclusion","Only evidence-present/absent review performed; no legal conclusion","Status is based on implementation plus available runtime/test evidence; source code alone is not PASS."
"47","Compliance / Legal","P47-R727","consumer protection","NOT VERIFIED","NOT VERIFIED","NOT VERIFIED","No complete compliance evidence inventory found in allowed folders","No complete compliance evidence inventory found in allowed folders","No compliance verification","Only evidence-present/absent review performed; no legal conclusion","Only evidence-present/absent review performed; no legal conclusion","Status is based on implementation plus available runtime/test evidence; source code alone is not PASS."
"47","Compliance / Legal","P47-R728","privacy","NOT VERIFIED","NOT VERIFIED","NOT VERIFIED","No complete compliance evidence inventory found in allowed folders","No complete compliance evidence inventory found in allowed folders","No compliance verification","Only evidence-present/absent review performed; no legal conclusion","Only evidence-present/absent review performed; no legal conclusion","Status is based on implementation plus available runtime/test evidence; source code alone is not PASS."
"47","Compliance / Legal","P47-R729","grievance mechanism","NOT VERIFIED","NOT VERIFIED","NOT VERIFIED","No complete compliance evidence inventory found in allowed folders","No complete compliance evidence inventory found in allowed folders","No compliance verification","Only evidence-present/absent review performed; no legal conclusion","Only evidence-present/absent review performed; no legal conclusion","Status is based on implementation plus available runtime/test evidence; source code alone is not PASS."
"47","Compliance / Legal","P47-R730","terms","NOT VERIFIED","NOT VERIFIED","NOT VERIFIED","No complete compliance evidence inventory found in allowed folders","No complete compliance evidence inventory found in allowed folders","No compliance verification","Only evidence-present/absent review performed; no legal conclusion","Only evidence-present/absent review performed; no legal conclusion","Status is based on implementation plus available runtime/test evidence; source code alone is not PASS."
"47","Compliance / Legal","P47-R731","risk disclosure","NOT VERIFIED","NOT VERIFIED","NOT VERIFIED","No complete compliance evidence inventory found in allowed folders","No complete compliance evidence inventory found in allowed folders","No compliance verification","Only evidence-present/absent review performed; no legal conclusion","Only evidence-present/absent review performed; no legal conclusion","Status is based on implementation plus available runtime/test evidence; source code alone is not PASS."
"47","Compliance / Legal","P47-R732","refunds","NOT VERIFIED","NOT VERIFIED","NOT VERIFIED","No complete compliance evidence inventory found in allowed folders","No complete compliance evidence inventory found in allowed folders","No compliance verification","Only evidence-present/absent review performed; no legal conclusion","Only evidence-present/absent review performed; no legal conclusion","Status is based on implementation plus available runtime/test evidence; source code alone is not PASS."
"47","Compliance / Legal","P47-R733","payouts","NOT VERIFIED","NOT VERIFIED","NOT VERIFIED","No complete compliance evidence inventory found in allowed folders","No complete compliance evidence inventory found in allowed folders","No compliance verification","Only evidence-present/absent review performed; no legal conclusion","Only evidence-present/absent review performed; no legal conclusion","Status is based on implementation plus available runtime/test evidence; source code alone is not PASS."
"47","Compliance / Legal","P47-R734","record retention","NOT VERIFIED","NOT VERIFIED","NOT VERIFIED","No complete compliance evidence inventory found in allowed folders","No complete compliance evidence inventory found in allowed folders","No compliance verification","Only evidence-present/absent review performed; no legal conclusion","Only evidence-present/absent review performed; no legal conclusion","Status is based on implementation plus available runtime/test evidence; source code alone is not PASS."
"47","Compliance / Legal","P47-R735","advertising requirements","NOT VERIFIED","NOT VERIFIED","NOT VERIFIED","No complete compliance evidence inventory found in allowed folders","No complete compliance evidence inventory found in allowed folders","No compliance verification","Only evidence-present/absent review performed; no legal conclusion","Only evidence-present/absent review performed; no legal conclusion","Status is based on implementation plus available runtime/test evidence; source code alone is not PASS."
"48","Production Deployment","P48-R736","CDN/WAF","NOT VERIFIED","NOT VERIFIED","NOT VERIFIED","Dockerfile and local build scripts; app/API code","Dockerfile and local build scripts; app/API code","Builds pass; no deployment/runtime infrastructure evidence","Production topology is absent from verified evidence","Production topology is absent from verified evidence","Status is based on implementation plus available runtime/test evidence; source code alone is not PASS."
"48","Production Deployment","P48-R737","load balancer","NOT VERIFIED","NOT VERIFIED","NOT VERIFIED","Dockerfile and local build scripts; app/API code","Dockerfile and local build scripts; app/API code","Builds pass; no deployment/runtime infrastructure evidence","Production topology is absent from verified evidence","Production topology is absent from verified evidence","Status is based on implementation plus available runtime/test evidence; source code alone is not PASS."
"48","Production Deployment","P48-R738","frontend deployment","NOT VERIFIED","NOT VERIFIED","NOT VERIFIED","Dockerfile and local build scripts; app/API code","Dockerfile and local build scripts; app/API code","Builds pass; no deployment/runtime infrastructure evidence","Production topology is absent from verified evidence","Production topology is absent from verified evidence","Status is based on implementation plus available runtime/test evidence; source code alone is not PASS."
"48","Production Deployment","P48-R739","API backend","NOT VERIFIED","NOT VERIFIED","NOT VERIFIED","Dockerfile and local build scripts; app/API code","Dockerfile and local build scripts; app/API code","Builds pass; no deployment/runtime infrastructure evidence","Production topology is absent from verified evidence","Production topology is absent from verified evidence","Status is based on implementation plus available runtime/test evidence; source code alone is not PASS."
"48","Production Deployment","P48-R740","trading service","NOT VERIFIED","NOT VERIFIED","NOT VERIFIED","Dockerfile and local build scripts; app/API code","Dockerfile and local build scripts; app/API code","Builds pass; no deployment/runtime infrastructure evidence","Production topology is absent from verified evidence","Production topology is absent from verified evidence","Status is based on implementation plus available runtime/test evidence; source code alone is not PASS."
"48","Production Deployment","P48-R741","market-data service","NOT VERIFIED","NOT VERIFIED","NOT VERIFIED","Dockerfile and local build scripts; app/API code","Dockerfile and local build scripts; app/API code","Builds pass; no deployment/runtime infrastructure evidence","Production topology is absent from verified evidence","Production topology is absent from verified evidence","Status is based on implementation plus available runtime/test evidence; source code alone is not PASS."
"48","Production Deployment","P48-R742","auth","NOT VERIFIED","NOT VERIFIED","NOT VERIFIED","Dockerfile and local build scripts; app/API code","Dockerfile and local build scripts; app/API code","Builds pass; no deployment/runtime infrastructure evidence","Production topology is absent from verified evidence","Production topology is absent from verified evidence","Status is based on implementation plus available runtime/test evidence; source code alone is not PASS."
"48","Production Deployment","P48-R743","PostgreSQL","NOT VERIFIED","NOT VERIFIED","NOT VERIFIED","Dockerfile and local build scripts; app/API code","Dockerfile and local build scripts; app/API code","Builds pass; no deployment/runtime infrastructure evidence","Production topology is absent from verified evidence","Production topology is absent from verified evidence","Status is based on implementation plus available runtime/test evidence; source code alone is not PASS."
"48","Production Deployment","P48-R744","Redis","NOT VERIFIED","NOT VERIFIED","NOT VERIFIED","Dockerfile and local build scripts; app/API code","Dockerfile and local build scripts; app/API code","Builds pass; no deployment/runtime infrastructure evidence","Production topology is absent from verified evidence","Production topology is absent from verified evidence","Status is based on implementation plus available runtime/test evidence; source code alone is not PASS."
"48","Production Deployment","P48-R745","broker services","NOT VERIFIED","NOT VERIFIED","NOT VERIFIED","Dockerfile and local build scripts; app/API code","Dockerfile and local build scripts; app/API code","Builds pass; no deployment/runtime infrastructure evidence","Production topology is absent from verified evidence","Production topology is absent from verified evidence","Status is based on implementation plus available runtime/test evidence; source code alone is not PASS."
"49","CI/CD","P49-R746","CI","NOT VERIFIED","NOT VERIFIED","NOT VERIFIED",".github/package scripts/build configs; migration directories",".github/package scripts/build configs; migration directories","Customer tests/build pass; Terminal OS build/type-check pass; no CI/deployment evidence","No verified pipeline, approvals, rollback, staging, or release process","No verified pipeline, approvals, rollback, staging, or release process","Status is based on implementation plus available runtime/test evidence; source code alone is not PASS."
"49","CI/CD","P49-R747","unit tests","NOT VERIFIED","NOT VERIFIED","NOT VERIFIED",".github/package scripts/build configs; migration directories",".github/package scripts/build configs; migration directories","Customer tests/build pass; Terminal OS build/type-check pass; no CI/deployment evidence","No verified pipeline, approvals, rollback, staging, or release process","No verified pipeline, approvals, rollback, staging, or release process","Status is based on implementation plus available runtime/test evidence; source code alone is not PASS."
"49","CI/CD","P49-R748","integration tests","NOT VERIFIED","NOT VERIFIED","NOT VERIFIED",".github/package scripts/build configs; migration directories",".github/package scripts/build configs; migration directories","Customer tests/build pass; Terminal OS build/type-check pass; no CI/deployment evidence","No verified pipeline, approvals, rollback, staging, or release process","No verified pipeline, approvals, rollback, staging, or release process","Status is based on implementation plus available runtime/test evidence; source code alone is not PASS."
"49","CI/CD","P49-R749","security scans","NOT VERIFIED","NOT VERIFIED","NOT VERIFIED",".github/package scripts/build configs; migration directories",".github/package scripts/build configs; migration directories","Customer tests/build pass; Terminal OS build/type-check pass; no CI/deployment evidence","No verified pipeline, approvals, rollback, staging, or release process","No verified pipeline, approvals, rollback, staging, or release process","Status is based on implementation plus available runtime/test evidence; source code alone is not PASS."
"49","CI/CD","P49-R750","build","NOT VERIFIED","NOT VERIFIED","NOT VERIFIED",".github/package scripts/build configs; migration directories",".github/package scripts/build configs; migration directories","Customer tests/build pass; Terminal OS build/type-check pass; no CI/deployment evidence","No verified pipeline, approvals, rollback, staging, or release process","No verified pipeline, approvals, rollback, staging, or release process","Status is based on implementation plus available runtime/test evidence; source code alone is not PASS."
"49","CI/CD","P49-R751","staging","NOT VERIFIED","NOT VERIFIED","NOT VERIFIED",".github/package scripts/build configs; migration directories",".github/package scripts/build configs; migration directories","Customer tests/build pass; Terminal OS build/type-check pass; no CI/deployment evidence","No verified pipeline, approvals, rollback, staging, or release process","No verified pipeline, approvals, rollback, staging, or release process","Status is based on implementation plus available runtime/test evidence; source code alone is not PASS."
"49","CI/CD","P49-R752","paper trading","NOT VERIFIED","NOT VERIFIED","NOT VERIFIED",".github/package scripts/build configs; migration directories",".github/package scripts/build configs; migration directories","Customer tests/build pass; Terminal OS build/type-check pass; no CI/deployment evidence","No verified pipeline, approvals, rollback, staging, or release process","No verified pipeline, approvals, rollback, staging, or release process","Status is based on implementation plus available runtime/test evidence; source code alone is not PASS."
"49","CI/CD","P49-R753","production approval","NOT VERIFIED","NOT VERIFIED","NOT VERIFIED",".github/package scripts/build configs; migration directories",".github/package scripts/build configs; migration directories","Customer tests/build pass; Terminal OS build/type-check pass; no CI/deployment evidence","No verified pipeline, approvals, rollback, staging, or release process","No verified pipeline, approvals, rollback, staging, or release process","Status is based on implementation plus available runtime/test evidence; source code alone is not PASS."
"49","CI/CD","P49-R754","production","NOT VERIFIED","NOT VERIFIED","NOT VERIFIED",".github/package scripts/build configs; migration directories",".github/package scripts/build configs; migration directories","Customer tests/build pass; Terminal OS build/type-check pass; no CI/deployment evidence","No verified pipeline, approvals, rollback, staging, or release process","No verified pipeline, approvals, rollback, staging, or release process","Status is based on implementation plus available runtime/test evidence; source code alone is not PASS."
"49","CI/CD","P49-R755","versioned releases","NOT VERIFIED","NOT VERIFIED","NOT VERIFIED",".github/package scripts/build configs; migration directories",".github/package scripts/build configs; migration directories","Customer tests/build pass; Terminal OS build/type-check pass; no CI/deployment evidence","No verified pipeline, approvals, rollback, staging, or release process","No verified pipeline, approvals, rollback, staging, or release process","Status is based on implementation plus available runtime/test evidence; source code alone is not PASS."
"49","CI/CD","P49-R756","migrations","NOT VERIFIED","NOT VERIFIED","NOT VERIFIED",".github/package scripts/build configs; migration directories",".github/package scripts/build configs; migration directories","Customer tests/build pass; Terminal OS build/type-check pass; no CI/deployment evidence","No verified pipeline, approvals, rollback, staging, or release process","No verified pipeline, approvals, rollback, staging, or release process","Status is based on implementation plus available runtime/test evidence; source code alone is not PASS."
"49","CI/CD","P49-R757","rollback","NOT VERIFIED","NOT VERIFIED","NOT VERIFIED",".github/package scripts/build configs; migration directories",".github/package scripts/build configs; migration directories","Customer tests/build pass; Terminal OS build/type-check pass; no CI/deployment evidence","No verified pipeline, approvals, rollback, staging, or release process","No verified pipeline, approvals, rollback, staging, or release process","Status is based on implementation plus available runtime/test evidence; source code alone is not PASS."
"49","CI/CD","P49-R758","feature flags","NOT VERIFIED","NOT VERIFIED","NOT VERIFIED",".github/package scripts/build configs; migration directories",".github/package scripts/build configs; migration directories","Customer tests/build pass; Terminal OS build/type-check pass; no CI/deployment evidence","No verified pipeline, approvals, rollback, staging, or release process","No verified pipeline, approvals, rollback, staging, or release process","Status is based on implementation plus available runtime/test evidence; source code alone is not PASS."
"49","CI/CD","P49-R759","environment separation","NOT VERIFIED","NOT VERIFIED","NOT VERIFIED",".github/package scripts/build configs; migration directories",".github/package scripts/build configs; migration directories","Customer tests/build pass; Terminal OS build/type-check pass; no CI/deployment evidence","No verified pipeline, approvals, rollback, staging, or release process","No verified pipeline, approvals, rollback, staging, or release process","Status is based on implementation plus available runtime/test evidence; source code alone is not PASS."
"49","CI/CD","P49-R760","deployment health","NOT VERIFIED","NOT VERIFIED","NOT VERIFIED",".github/package scripts/build configs; migration directories",".github/package scripts/build configs; migration directories","Customer tests/build pass; Terminal OS build/type-check pass; no CI/deployment evidence","No verified pipeline, approvals, rollback, staging, or release process","No verified pipeline, approvals, rollback, staging, or release process","Status is based on implementation plus available runtime/test evidence; source code alone is not PASS."
"50","Production Readiness Gates","P50-R761","every production readiness checkbox from phases 1-49","FAIL","FAIL","FAIL","Phase 35 live/schema conflict; phases 12-14/20-23/31/42/45-49 lack certification","Phase 35 live/schema conflict; phases 12-14/20-23/31/42/45-49 lack certification","No complete production gate test suite; safe checks only","Canonical database, server trading lifecycle, reconciliation, DR, broker certification, security and deployment gates remain unresolved","Canonical database, server trading lifecycle, reconciliation, DR, broker certification, security and deployment gates remain unresolved","Status is based on implementation plus available runtime/test evidence; source code alone is not PASS."
